Date,ABX,NEM,GG,AEM,GOLD,AU,KGC,BVN,AUY,GFI,EGO,AGI,IAG,SBGL,OR,HMY
2016-01-04,7.75,18.44,11.86,26.94,62.48,7.46,1.89,4.42,1.92,2.9,3.08,3.44,1.55,6.16,10.1,1.06
2016-01-05,7.65,18.42,11.59,27.62,62.58,7.36,1.85,4.44,1.93,2.86,3.0,3.49,1.59,6.37,10.17,1.15
2016-01-06,7.94,18.56,11.81,28.45,63.08,7.72,1.87,4.34,2.0,3.0,3.08,3.61,1.64,6.62,10.33,1.33
2016-01-07,8.75,18.86,12.72,29.99,65.74,7.88,2.0,4.31,2.1,3.12,3.28,3.66,1.67,6.86,10.34,1.44
2016-01-08,8.42,18.01,12.49,29.56,63.78,7.9,1.87,4.23,2.0,3.1,3.25,3.48,1.68,6.56,10.28,1.29
2016-01-11,8.15,17.01,11.81,28.59,62.68,7.91,1.72,4.11,1.87,3.16,3.07,3.17,1.53,6.75,10.12,1.29
2016-01-12,7.9,17.01,11.44,28.53,60.99,7.83,1.66,4.14,1.79,3.17,2.48,3.08,1.53,7.04,10.23,1.35
2016-01-13,8.04,17.48,11.16,28.98,61.72,7.86,1.68,4.26,1.83,3.11,2.52,3.08,1.51,7.12,10.01,1.53
2016-01-14,7.58,17.27,10.43,27.87,61.03,7.42,1.6,4.08,1.68,3.0,2.41,2.75,1.37,7.29,9.83,1.49
2016-01-15,7.9,17.7,10.32,28.01,62.12,7.33,1.48,3.76,1.55,3.14,2.28,2.57,1.35,7.78,9.6,1.61
2016-01-19,7.59,16.31,9.84,26.78,60.88,7.44,1.38,3.38,1.41,2.93,2.13,2.41,1.15,7.45,9.11,1.51
2016-01-20,8.11,16.56,9.86,26.87,63.33,7.93,1.49,3.51,1.47,3.13,2.12,2.34,1.27,7.83,9.08,1.68
2016-01-21,8.33,16.69,9.82,27.24,65.12,8.05,1.52,3.58,1.45,3.07,2.16,2.4,1.23,8.35,9.15,1.73
2016-01-22,8.58,16.68,10.14,27.28,65.67,7.85,1.56,3.65,1.51,2.9,2.28,2.44,1.32,8.2,9.16,1.65
2016-01-25,9.27,17.67,10.27,27.9,65.61,8.23,1.54,3.74,1.5,3.23,2.1,2.64,1.29,8.76,9.52,1.82
2016-01-26,9.53,18.5,10.73,28.75,68.97,8.76,1.64,4.17,1.61,3.48,2.23,2.91,1.42,9.13,9.85,1.95
2016-01-27,9.84,19.44,11.1,28.95,69.12,8.85,1.67,4.14,1.66,3.53,2.3,3.13,1.5,9.02,10.04,1.99
2016-01-28,9.66,19.53,11.08,28.97,69.49,8.24,1.59,3.9,1.61,3.26,2.22,3.16,1.42,8.91,9.86,1.92
2016-01-29,9.91,19.96,11.34,29.44,70.72,8.48,1.64,4.0,1.7,3.4,2.24,3.24,1.45,8.86,10.0,1.79
2016-02-01,10.07,20.55,11.54,30.07,72.57,8.67,1.73,4.2,1.83,3.58,2.32,3.36,1.51,8.88,10.4,1.87
2016-02-02,9.86,20.07,11.28,29.76,72.53,8.64,1.65,4.14,1.8,3.51,2.28,3.18,1.46,9.17,10.21,1.95
2016-02-03,10.73,22.34,12.42,31.4,75.2,9.47,1.82,4.51,2.02,3.81,2.47,3.39,1.6,9.73,10.43,2.05
2016-02-04,11.18,23.38,13.06,32.73,76.8,9.66,2.03,4.7,2.2,3.89,2.7,3.61,1.74,10.61,11.01,2.24
2016-02-05,11.64,24.41,13.73,33.51,78.3,10.73,2.3,4.86,2.29,4.17,2.86,3.93,1.87,11.37,11.28,2.34
2016-02-08,11.91,25.19,14.72,33.91,85.12,10.9,2.44,4.77,2.54,4.15,2.76,4.11,2.0,11.28,11.4,2.43
2016-02-09,11.22,24.3,14.16,33.11,84.05,10.41,2.43,4.45,2.36,3.98,2.62,3.82,1.91,10.68,10.12,2.37
2016-02-10,11.58,24.31,14.57,33.3,84.66,10.77,2.57,4.78,2.44,4.05,2.67,3.81,2.06,10.79,9.78,2.38
2016-02-11,11.97,25.04,15.0,35.33,87.86,11.41,2.9,5.31,2.64,4.5,3.03,4.26,2.27,12.42,10.29,2.75
2016-02-12,12.25,25.78,15.64,35.64,90.28,11.7,3.0,5.49,2.68,4.56,3.13,4.36,2.43,12.88,10.43,2.74
2016-02-16,11.59,24.56,14.79,34.12,84.41,10.49,2.72,4.73,2.48,4.14,2.83,3.98,2.2,11.38,9.86,2.57
2016-02-17,11.89,24.84,14.93,33.9,87.15,10.7,2.81,4.85,2.5,4.24,2.79,4.0,2.28,11.79,9.94,2.58
2016-02-18,12.63,25.07,15.77,35.06,90.26,11.26,3.02,5.3,2.68,4.04,3.0,4.31,2.47,12.54,10.08,2.63
2016-02-19,12.56,24.84,15.45,34.63,90.85,10.88,2.97,5.18,2.69,3.97,2.92,4.27,2.46,11.85,10.38,2.63
2016-02-22,12.82,25.12,15.12,34.65,90.84,11.34,3.0,5.41,2.66,4.08,2.89,4.23,2.35,12.12,10.53,2.67
2016-02-23,13.54,25.39,15.43,35.25,91.77,11.99,3.07,5.27,2.73,4.04,2.91,4.22,2.37,12.58,10.36,2.82
2016-02-24,13.48,25.58,15.78,35.21,91.03,12.05,3.18,5.35,2.75,4.09,2.84,4.3,2.38,12.96,10.24,3.01
2016-02-25,13.58,25.85,15.89,35.63,90.53,12.63,2.98,5.41,2.77,4.24,2.97,4.4,2.42,13.74,10.48,3.16
2016-02-26,13.53,25.35,13.86,34.55,89.38,12.15,2.9,5.18,2.71,4.07,2.91,4.3,2.37,13.52,10.21,3.0
2016-02-29,13.89,25.83,14.32,35.2,91.25,13.02,2.94,5.22,2.84,4.27,3.0,4.57,2.42,14.37,10.34,3.26
2016-03-01,13.27,25.39,13.9,33.45,87.76,12.19,2.88,5.06,2.73,3.91,2.85,4.43,2.3,13.36,10.21,3.1
2016-03-02,13.58,26.24,14.38,33.89,88.61,12.76,2.9,5.48,2.81,4.05,2.95,4.53,2.34,14.25,10.15,3.26
2016-03-03,13.91,26.82,14.97,34.35,89.92,13.28,3.07,5.67,3.03,4.24,3.24,5.13,2.57,14.54,10.31,3.36
2016-03-04,13.72,26.11,15.13,34.3,91.01,12.92,2.99,5.51,3.09,4.1,3.47,5.23,2.4,13.93,10.49,3.15
2016-03-07,13.86,26.53,15.92,35.22,91.25,13.4,3.02,6.0,3.26,4.3,3.67,5.54,2.36,14.5,11.12,3.31
2016-03-08,13.33,25.89,15.56,34.12,88.74,12.91,2.86,5.66,3.12,4.1,3.47,5.24,2.2,14.47,10.58,3.31
2016-03-09,13.69,26.14,15.71,34.24,89.33,13.15,2.86,5.67,3.07,4.06,3.38,5.18,2.15,14.09,10.48,3.32
2016-03-10,14.17,27.35,16.51,36.41,91.66,13.65,3.02,5.74,3.18,4.17,3.62,5.17,2.28,14.67,10.8,3.38
2016-03-11,13.95,26.68,16.37,35.72,90.13,13.47,2.95,5.67,3.11,4.08,3.38,5.04,2.2,14.26,10.71,3.39
2016-03-14,13.67,26.13,15.82,35.07,88.08,12.66,2.89,5.36,3.0,3.82,3.22,4.91,2.08,13.83,10.56,3.5
2016-03-15,14.19,26.37,16.02,35.77,89.76,13.08,2.95,5.15,2.98,3.87,3.26,4.95,2.08,14.0,10.43,3.64
2016-03-16,15.18,27.55,16.99,37.81,92.46,13.9,3.15,5.72,3.19,4.26,3.56,5.26,2.27,15.03,10.75,3.96
2016-03-17,14.78,27.46,16.85,38.04,93.55,13.26,3.12,5.9,3.09,3.94,3.39,5.36,2.18,14.85,10.42,3.91
2016-03-18,14.74,27.79,16.87,37.99,93.46,13.58,3.14,6.08,3.09,3.76,3.42,5.41,2.14,14.98,10.24,3.78
2016-03-21,14.69,27.79,16.83,38.07,92.1,13.44,3.16,6.02,3.13,3.84,3.38,5.36,2.16,14.87,10.48,3.83
2016-03-22,14.5,27.39,16.63,37.51,92.75,13.61,3.17,6.39,3.18,3.86,3.37,5.39,2.19,15.0,10.36,3.98
2016-03-23,13.27,24.98,15.41,35.45,88.5,12.85,2.94,6.24,2.89,3.53,3.14,4.94,2.02,14.11,10.03,3.69
2016-03-24,13.56,25.4,15.78,36.12,90.1,13.05,3.02,6.47,2.92,3.64,3.05,5.08,2.07,14.62,9.72,3.74
2016-03-28,13.61,25.7,15.74,36.01,89.81,13.05,3.02,6.25,2.9,3.65,3.02,4.98,2.06,14.59,9.78,3.72
2016-03-29,14.05,26.95,16.44,37.3,93.1,13.95,3.36,7.06,3.1,3.98,3.16,5.31,2.21,15.71,10.5,3.99
2016-03-30,13.74,26.75,16.4,36.75,90.94,13.75,3.44,7.38,3.06,3.94,3.13,5.23,2.2,15.44,10.53,3.82
2016-03-31,13.58,26.58,16.23,36.16,90.81,13.69,3.4,7.36,3.04,3.94,3.16,5.29,2.21,15.17,10.68,3.64
2016-04-01,13.65,26.62,16.08,36.53,90.54,13.74,3.48,7.58,3.1,3.98,3.13,5.61,2.26,15.16,10.58,3.72
2016-04-04,13.5,26.3,15.88,35.83,88.19,13.26,3.41,7.26,3.03,3.63,3.02,5.2,2.17,14.3,10.47,3.59
2016-04-05,14.01,27.3,16.24,36.43,90.04,13.75,3.53,7.92,3.1,3.83,3.07,5.33,2.28,14.6,10.6,3.71
2016-04-06,13.97,27.74,16.04,36.52,90.24,13.89,3.58,7.72,3.11,3.8,3.11,5.5,2.26,14.53,10.6,3.71
2016-04-07,14.52,27.96,16.36,37.87,92.43,14.21,3.79,7.61,3.29,3.95,3.21,5.75,2.37,14.8,10.63,3.85
2016-04-08,15.18,29.1,17.11,38.47,94.07,14.56,3.91,7.86,3.59,4.16,3.4,6.17,2.52,14.93,10.92,3.93
2016-04-11,16.31,31.11,17.78,40.58,96.24,15.57,4.22,8.33,3.97,4.36,3.64,6.41,2.81,16.19,11.41,4.17
2016-04-12,16.35,30.63,17.73,41.08,97.97,15.79,4.46,8.6,4.12,4.25,3.76,6.27,2.92,16.35,11.49,4.05
2016-04-13,16.05,29.48,17.27,40.42,94.6,15.23,4.33,8.27,4.0,4.1,3.66,6.13,2.81,15.72,11.39,3.84
2016-04-14,15.42,28.68,16.57,39.56,92.22,14.61,4.13,7.86,3.81,3.91,3.57,5.87,2.67,14.99,11.25,3.58
2016-04-15,15.64,29.37,16.77,40.42,94.53,14.96,4.25,8.08,4.03,4.08,3.68,6.18,2.86,15.28,11.3,3.59
2016-04-18,15.82,29.46,16.83,40.06,93.05,14.86,4.32,8.01,4.17,4.04,3.73,6.21,2.85,14.84,11.42,3.59
2016-04-19,16.32,30.91,17.36,41.49,96.36,15.29,4.58,8.21,4.4,4.33,3.88,6.41,3.12,15.52,11.96,3.68
2016-04-20,15.89,30.45,17.04,40.83,92.79,14.97,4.51,8.18,4.28,4.22,3.79,6.19,2.94,14.86,12.08,3.39
2016-04-21,16.34,32.19,17.57,41.83,94.12,15.11,4.69,8.59,4.38,4.11,3.81,6.35,3.01,15.05,12.21,3.38
2016-04-22,16.12,31.23,17.08,41.34,93.27,14.71,4.64,8.4,4.26,4.06,3.8,6.11,2.95,14.4,12.16,3.1
2016-04-25,16.11,31.11,16.93,40.58,91.4,14.6,4.63,8.44,4.21,4.06,3.79,6.08,2.9,14.0,11.85,3.18
2016-04-26,16.48,31.97,17.56,41.11,92.6,14.42,4.68,8.9,4.35,3.95,3.86,6.09,3.04,13.9,12.22,3.18
2016-04-27,16.61,32.1,17.86,41.38,93.31,14.53,4.7,8.98,4.32,4.07,3.88,6.36,3.01,14.27,12.3,3.27
2016-04-28,17.55,32.99,18.94,43.23,95.19,15.49,5.17,9.41,4.56,4.38,4.04,6.72,3.18,14.91,12.82,3.53
2016-04-29,19.37,34.97,20.15,47.21,100.5,16.45,5.7,10.15,4.95,4.7,4.21,7.2,3.4,15.4,13.36,3.66
2016-05-02,19.11,34.34,19.5,46.76,99.68,16.03,5.64,10.07,4.71,4.57,4.17,7.07,3.35,14.81,13.25,3.55
2016-05-03,18.38,33.83,19.13,45.71,95.66,15.47,5.41,9.76,4.55,4.38,3.95,7.01,3.21,14.42,12.91,3.37
2016-05-04,17.46,32.35,18.46,43.8,85.29,14.89,5.07,9.48,4.22,4.21,3.71,6.37,3.18,13.77,12.44,3.14
2016-05-05,17.87,32.86,18.73,44.98,84.73,15.69,5.29,9.65,4.5,4.33,3.88,6.56,3.35,14.68,12.5,3.4
2016-05-06,18.47,34.13,19.19,46.04,89.45,16.37,5.59,10.04,4.7,4.62,4.11,6.98,3.66,15.12,13.04,3.68
2016-05-09,17.39,31.83,18.24,44.11,85.36,14.11,5.2,9.21,4.33,4.13,4.2,6.52,3.4,13.21,12.35,3.29
2016-05-10,17.93,33.03,18.65,45.35,87.4,14.51,5.52,9.56,4.6,4.28,4.56,6.88,3.6,13.65,12.6,3.35
2016-05-11,18.44,33.88,18.74,46.66,89.89,15.27,5.25,10.07,4.8,4.36,4.8,6.91,3.84,14.31,12.56,3.45
2016-05-12,18.12,33.21,18.02,45.75,88.79,15.01,5.09,9.84,4.73,4.14,4.73,6.72,3.8,13.48,12.45,3.2
2016-05-13,18.41,34.07,17.96,46.2,88.34,15.15,5.18,10.03,4.75,4.24,4.87,6.68,3.79,13.8,12.33,3.32
2016-05-16,18.91,35.42,18.49,47.53,90.99,15.13,5.27,10.23,4.86,4.35,4.92,7.11,3.85,13.79,12.65,3.44
2016-05-17,19.37,35.55,18.47,48.31,91.78,14.99,5.32,10.47,5.06,4.31,5.07,7.38,4.02,13.35,12.91,3.42
2016-05-18,17.62,33.52,17.04,44.89,87.57,13.9,4.91,9.73,4.6,3.88,4.56,6.75,3.62,12.15,12.21,3.28
2016-05-19,18.15,34.14,17.29,45.67,88.32,14.29,4.93,9.97,4.76,4.08,4.54,6.86,3.68,12.25,12.33,3.32
2016-05-20,18.2,33.73,17.37,46.18,89.32,14.46,4.97,9.97,4.72,4.03,4.51,7.04,3.62,12.35,12.49,3.32
2016-05-23,17.91,33.83,17.36,45.93,88.12,14.38,4.89,9.72,4.61,3.98,4.42,6.79,3.54,12.17,12.25,3.33
2016-05-24,16.91,31.74,16.4,44.15,84.81,13.53,4.35,9.6,4.28,3.7,4.26,6.14,3.26,11.54,11.7,3.0
2016-05-25,17.28,32.38,16.78,44.82,85.97,13.81,4.41,9.82,4.38,3.6,4.45,6.27,3.4,11.91,11.86,3.09
2016-05-26,17.13,32.45,16.9,45.15,86.1,13.8,4.51,9.97,4.39,3.58,4.4,6.37,3.37,11.88,11.71,3.06
2016-05-27,16.62,31.96,16.6,44.14,83.51,13.38,4.23,9.52,4.17,3.5,4.23,6.24,3.17,11.53,11.39,2.92
2016-05-31,16.77,32.41,16.82,44.92,84.31,13.43,4.26,9.56,4.18,3.52,4.24,6.4,3.26,11.71,11.86,3.06
2016-06-01,16.9,32.66,16.83,45.17,84.69,13.73,4.29,9.47,4.21,3.69,4.26,6.32,3.28,11.9,11.85,3.12
2016-06-02,16.96,32.35,16.95,45.12,84.86,13.93,4.33,9.7,4.21,3.72,4.29,6.27,3.25,11.95,11.69,3.1
2016-06-03,19.18,35.4,18.26,50.16,92.02,15.89,4.97,11.11,4.8,4.21,4.67,7.21,3.76,12.89,13.21,3.5
2016-06-06,18.92,35.43,18.18,50.26,92.13,15.91,5.03,10.89,5.05,4.12,4.76,7.44,3.78,12.57,13.35,3.57
2016-06-07,18.82,34.95,18.05,50.15,90.71,15.81,4.93,10.59,5.0,4.1,4.64,7.29,3.69,12.32,13.13,3.51
2016-06-08,19.22,35.38,18.4,50.59,94.82,16.62,5.19,11.02,5.19,4.41,4.68,7.63,3.92,12.92,13.17,3.75
2016-06-09,19.58,35.9,18.68,51.1,96.12,16.95,5.31,11.28,5.27,4.47,4.62,7.89,3.95,13.09,13.4,3.79
2016-06-10,19.61,35.79,18.06,50.59,94.73,16.66,5.18,11.09,4.99,4.38,4.46,7.87,3.88,12.59,13.05,3.65
2016-06-13,20.22,35.89,18.05,51.43,94.66,16.22,5.16,10.77,4.88,4.22,4.45,7.68,3.85,12.1,12.94,3.51
2016-06-14,19.79,35.15,17.73,49.92,92.3,16.08,5.1,10.33,4.83,4.19,4.17,7.67,3.71,11.9,12.58,3.52
2016-06-15,20.5,36.24,18.21,51.26,95.87,16.77,5.22,11.17,5.08,4.45,4.32,8.07,3.97,12.55,12.83,3.64
2016-06-16,20.06,35.61,17.65,50.51,94.56,15.82,5.01,10.67,4.94,4.25,4.17,7.72,3.9,11.96,12.62,3.42
2016-06-17,20.11,35.65,17.88,50.22,94.87,16.03,4.98,10.43,4.83,4.31,4.17,7.8,3.86,12.16,12.92,3.48
2016-06-20,19.76,35.33,17.77,50.39,95.63,15.85,4.88,10.79,4.83,4.26,4.22,7.79,3.93,12.06,13.08,3.46
2016-06-21,19.16,34.83,17.52,49.64,94.12,15.78,4.77,10.58,4.71,4.08,4.11,7.61,3.82,11.47,12.82,3.2
2016-06-22,19.65,35.72,18.05,50.4,95.27,15.86,4.93,10.78,4.93,4.34,4.3,7.62,3.98,12.06,12.74,3.48
2016-06-23,19.35,35.39,17.6,49.8,94.9,15.78,4.9,10.74,4.85,4.24,4.2,7.54,4.01,11.93,12.69,3.34
2016-06-24,20.47,37.19,18.38,52.03,101.17,16.77,5.11,11.32,5.1,4.64,4.4,7.94,4.27,13.11,12.92,3.62
2016-06-27,21.11,37.69,18.4,52.54,106.9,17.45,5.15,11.31,5.08,4.63,4.47,8.28,4.38,12.78,12.86,3.47
2016-06-28,20.63,37.17,18.35,52.32,105.52,17.19,4.96,11.53,4.94,4.43,4.31,8.17,4.2,12.75,12.69,3.36
2016-06-29,20.77,37.69,18.79,52.96,107.66,17.9,5.03,11.64,5.22,4.91,4.5,8.38,4.19,13.47,13.1,3.6
2016-06-30,21.35,39.12,19.13,53.5,112.04,18.06,4.89,11.95,5.2,4.9,4.5,8.6,4.14,13.62,13.04,3.61
2016-07-01,22.21,40.34,19.68,55.6,117.61,19.04,5.36,12.38,5.48,5.18,4.71,9.24,4.47,14.29,13.5,3.89
2016-07-05,22.4,40.38,19.98,55.32,122.47,19.22,5.64,12.23,5.68,5.27,4.86,9.53,4.61,14.72,13.27,4.1
2016-07-06,23.16,41.42,20.1,56.34,125.41,20.35,5.74,12.88,5.85,5.48,5.04,9.9,4.73,15.21,,4.32
2016-07-07,22.35,40.96,19.64,55.32,119.08,20.0,5.39,12.4,5.66,5.34,4.81,9.76,4.58,14.97,13.3,4.25
2016-07-08,22.32,41.14,19.93,55.84,122.32,20.84,5.53,12.96,5.9,5.66,5.04,10.31,4.84,15.74,13.62,4.46
2016-07-11,22.04,41.06,20.04,55.54,123.59,21.28,5.56,13.02,5.89,5.76,5.03,10.37,4.86,15.86,13.38,4.53
2016-07-12,20.62,39.96,19.46,54.28,118.15,20.38,5.31,12.62,5.74,5.64,4.91,9.81,4.68,16.09,13.04,4.3
2016-07-13,21.08,40.88,19.48,56.81,120.3,21.26,5.4,12.8,5.9,6.09,4.96,9.94,4.8,16.98,13.35,4.66
2016-07-14,21.47,41.62,19.45,56.08,118.9,21.08,5.4,12.69,5.88,5.85,4.9,9.67,4.78,17.02,13.61,4.5
2016-07-15,21.4,41.33,19.29,56.07,117.1,21.0,5.31,12.73,5.85,5.9,4.85,9.53,4.73,17.08,13.25,4.51
2016-07-18,21.61,41.63,19.42,56.07,118.06,20.78,5.45,12.79,5.92,5.93,4.86,9.45,4.88,17.2,13.3,4.49
2016-07-19,21.57,41.39,19.06,55.71,117.17,21.11,5.36,12.62,5.84,5.88,4.69,9.25,4.77,17.71,13.03,4.5
2016-07-20,19.91,39.29,17.97,52.25,113.03,19.92,4.96,12.17,5.34,5.57,4.32,8.57,4.45,16.8,12.6,4.1
2016-07-21,20.41,40.52,18.14,53.23,115.21,21.14,5.1,12.77,5.56,5.94,4.44,8.91,4.77,17.61,12.76,4.33
2016-07-22,20.55,41.27,18.31,53.73,115.87,21.05,5.0,12.71,5.43,5.88,4.32,8.73,4.62,17.47,12.55,4.32
2016-07-25,19.83,40.13,18.01,51.29,111.95,20.22,4.72,12.23,5.23,5.47,4.05,8.41,4.43,16.82,12.03,4.03
2016-07-26,20.45,41.13,18.3,52.72,113.7,20.89,4.84,12.74,5.46,5.81,4.1,8.72,4.63,17.93,12.53,4.23
2016-07-27,21.35,42.32,18.85,54.66,115.8,21.69,5.01,13.88,5.89,6.2,4.29,9.09,5.0,18.45,12.81,4.48
2016-07-28,21.27,42.67,17.73,56.54,116.52,21.58,5.03,14.15,5.87,6.23,4.3,9.01,5.01,18.21,12.98,4.42
2016-07-29,21.86,44.0,17.88,58.14,117.61,21.91,5.17,14.65,5.71,6.21,4.09,9.34,5.17,18.65,13.28,4.57
2016-08-01,22.23,44.16,18.08,58.89,118.9,22.36,5.18,14.9,5.77,6.45,4.09,9.28,5.22,19.38,14.49,4.81
2016-08-02,22.69,45.86,18.1,59.38,119.83,22.25,5.52,15.12,5.84,6.39,4.13,9.39,5.3,19.96,13.9,4.76
2016-08-03,22.42,45.02,18.08,59.32,118.88,21.8,5.43,15.37,5.78,6.18,4.05,9.21,5.28,19.47,13.65,4.63
2016-08-04,22.37,44.91,18.03,59.77,113.24,22.65,5.51,15.55,5.83,6.43,4.11,9.3,5.75,20.43,13.56,4.78
2016-08-05,21.24,44.43,17.46,57.92,109.49,21.67,5.28,15.13,5.65,6.14,3.99,8.89,5.54,19.94,13.21,4.5
2016-08-08,21.42,44.65,17.66,57.25,109.13,21.48,5.4,14.94,5.68,6.22,4.01,9.03,5.68,19.83,13.08,4.5
2016-08-09,21.49,45.0,18.11,58.36,110.49,21.67,5.39,15.13,5.7,6.35,4.05,9.1,5.1,20.03,13.17,4.55
2016-08-10,21.77,45.57,18.96,59.1,111.1,22.19,5.41,15.23,5.73,6.45,4.16,8.69,5.15,20.78,13.2,4.65
2016-08-11,21.74,45.43,18.96,58.59,110.61,22.03,5.28,15.23,5.68,6.41,4.17,8.95,5.08,20.01,13.05,4.55
2016-08-12,21.75,45.17,18.88,58.46,109.11,21.91,5.21,15.62,5.68,6.38,4.19,9.0,5.0,20.1,13.11,4.47
2016-08-15,21.51,44.92,18.84,58.12,109.23,20.76,5.16,15.76,5.61,6.35,4.22,9.08,4.93,20.2,13.11,4.46
2016-08-16,21.32,44.29,18.83,58.16,111.11,20.16,5.13,15.55,5.5,6.32,4.25,9.13,4.87,20.35,12.77,4.31
2016-08-17,20.87,44.0,18.5,57.3,109.33,19.56,5.04,15.61,5.4,6.24,4.29,9.1,4.8,20.55,12.67,4.1
2016-08-18,21.04,44.43,18.7,57.74,110.12,19.78,5.05,16.3,5.48,6.42,4.27,9.09,4.83,20.77,12.96,4.13
2016-08-19,20.61,44.17,18.33,56.14,108.6,19.17,4.93,15.91,5.25,6.37,4.14,8.63,4.7,19.72,12.7,4.1
2016-08-22,20.39,43.32,17.94,56.25,105.81,18.54,4.79,15.16,5.19,6.19,4.06,8.5,4.58,19.0,12.71,4.05
2016-08-23,20.09,43.15,17.69,55.93,104.97,18.2,4.72,14.38,4.99,6.01,3.93,8.21,4.37,18.55,12.6,4.0
2016-08-24,18.17,39.85,16.05,51.99,99.27,17.58,4.23,13.15,4.48,5.67,3.65,7.53,3.91,17.57,12.08,3.72
2016-08-25,18.28,40.16,16.06,52.47,99.63,17.8,4.34,13.38,4.46,5.76,3.57,7.68,3.99,17.43,12.19,3.93
2016-08-26,18.22,39.93,15.95,52.42,99.09,17.73,4.3,13.44,4.42,5.8,3.56,7.65,3.9,16.82,12.0,3.87
2016-08-29,18.39,40.91,16.32,53.3,99.04,17.52,4.37,13.69,4.45,5.55,3.56,7.69,4.0,16.74,11.98,3.84
2016-08-30,17.42,38.6,15.47,50.83,94.4,16.64,4.08,12.92,4.13,5.16,3.41,7.27,3.82,15.69,11.43,3.65
2016-08-31,17.01,38.24,15.24,50.65,93.65,16.09,3.99,12.36,4.03,5.03,3.22,7.02,3.7,15.43,11.29,3.53
2016-09-01,17.8,39.43,15.61,52.09,96.5,16.62,4.18,13.17,4.25,5.33,3.28,7.42,3.76,16.06,12.11,3.92
2016-09-02,18.16,40.52,16.02,53.57,99.82,17.04,4.41,13.9,4.57,5.52,3.41,7.78,4.07,16.27,12.34,4.02
2016-09-06,19.04,42.0,16.78,55.87,104.2,17.76,4.58,14.83,4.89,5.65,3.69,8.33,4.32,16.45,12.65,4.12
2016-09-07,18.91,42.09,16.66,56.12,104.05,17.59,4.53,15.04,4.86,5.61,3.74,8.29,4.27,16.11,12.38,3.94
2016-09-08,18.43,41.59,16.53,54.54,101.51,17.17,4.42,15.25,4.69,5.4,3.7,8.05,4.18,15.55,12.03,3.83
2016-09-09,17.53,39.3,15.92,50.97,97.74,16.16,4.15,14.3,4.4,5.06,3.5,7.88,3.91,14.84,11.49,3.6
2016-09-12,17.77,40.36,16.43,52.74,100.29,16.46,4.26,14.85,4.62,5.21,3.76,8.78,4.42,15.13,12.01,3.85
2016-09-13,17.29,39.02,15.74,51.29,96.76,15.61,4.02,14.12,4.44,4.9,3.63,8.48,4.1,14.47,11.74,3.53
2016-09-14,17.19,38.6,15.76,51.05,97.5,15.72,4.05,14.38,4.46,4.99,3.73,8.47,4.19,14.45,11.51,3.54
2016-09-15,17.65,39.2,15.8,51.67,97.06,15.53,4.13,14.27,4.51,4.91,3.82,8.42,4.15,14.21,11.72,3.48
2016-09-16,17.34,38.26,15.57,51.44,96.48,15.25,4.09,13.98,4.39,4.79,3.99,7.91,3.99,13.74,10.96,3.35
2016-09-19,17.19,38.43,15.69,52.13,98.37,15.29,4.11,14.15,4.4,4.86,3.96,8.02,4.12,13.88,11.19,3.38
2016-09-20,17.2,38.15,15.73,52.28,97.83,15.11,4.17,14.11,4.48,4.75,3.99,7.86,4.18,13.64,11.22,3.37
2016-09-21,18.69,41.03,16.83,56.03,102.44,16.68,4.49,14.7,4.82,5.18,4.22,8.63,4.51,14.75,11.72,3.77
2016-09-22,18.53,40.77,17.09,56.55,104.0,16.56,4.43,14.72,4.69,4.98,4.25,8.62,4.31,14.42,11.68,3.55
2016-09-23,18.11,39.56,16.66,54.33,101.09,16.2,4.3,14.17,4.49,4.94,4.13,8.25,4.12,14.19,11.33,3.5
2016-09-26,17.92,39.26,16.43,54.14,100.83,15.94,4.26,13.82,4.41,4.93,4.03,8.24,4.16,13.95,11.23,3.45
2016-09-27,17.6,38.48,16.27,54.05,100.44,16.17,4.22,13.19,4.32,4.9,3.9,7.92,4.1,13.72,11.05,3.44
2016-09-28,18.02,39.21,16.59,55.0,103.16,16.21,4.31,13.77,4.46,5.04,4.05,8.21,4.28,14.33,11.07,3.57
2016-09-29,17.94,39.05,16.65,55.15,102.2,16.14,4.27,13.86,4.43,4.89,4.02,8.3,4.21,14.22,11.01,3.56
2016-09-30,17.72,39.29,16.52,54.18,100.07,15.92,4.21,13.84,4.31,4.85,3.93,8.2,4.05,14.13,10.94,3.49
2016-10-03,17.39,38.1,15.78,52.77,99.25,15.71,4.12,13.71,4.29,4.8,3.79,8.2,3.93,13.94,10.45,3.49
2016-10-04,15.45,34.25,14.41,47.46,90.56,14.2,3.58,12.56,3.73,4.41,3.5,7.3,3.45,12.56,9.74,3.12
2016-10-05,15.98,34.59,14.45,46.76,90.59,14.13,3.63,12.56,3.8,4.48,3.53,7.28,3.41,12.26,9.81,3.17
2016-10-06,15.64,34.05,14.12,45.63,87.25,13.59,3.5,12.12,3.67,4.26,3.47,7.15,3.22,11.64,9.91,3.0
2016-10-07,15.73,33.97,14.1,44.95,88.25,13.43,3.52,12.4,3.66,4.25,3.43,7.35,3.28,11.32,10.11,3.0
2016-10-10,15.58,34.06,14.16,44.94,86.96,13.43,3.64,12.47,3.75,4.23,3.49,7.42,3.37,11.42,10.21,2.98
2016-10-11,15.52,33.85,13.99,44.72,83.89,12.96,3.59,12.31,3.64,4.03,3.45,7.19,3.28,10.75,10.01,2.85
2016-10-12,15.83,34.52,14.34,46.09,84.7,13.29,3.7,12.4,3.72,4.06,3.57,7.46,3.38,11.03,10.14,2.91
2016-10-13,16.0,34.81,14.65,46.31,86.05,13.64,3.75,12.63,3.76,4.22,3.62,7.7,3.46,11.47,10.32,2.99
2016-10-14,15.69,34.23,14.31,45.66,83.04,13.38,3.62,12.43,3.65,4.01,3.49,7.47,3.37,11.46,10.01,2.94
2016-10-17,15.9,35.03,14.54,46.17,83.83,13.36,3.66,12.93,3.69,4.15,3.51,7.7,3.43,11.38,10.26,3.02
2016-10-18,16.37,36.17,14.86,48.01,86.57,14.13,3.75,13.65,3.79,4.43,3.61,8.22,3.66,11.89,10.45,3.23
2016-10-19,17.29,36.98,15.32,49.49,86.97,14.31,3.84,13.96,3.87,4.38,3.72,8.4,3.87,12.47,10.58,3.3
2016-10-20,17.04,37.01,15.4,49.17,86.93,14.04,3.92,13.81,3.89,4.33,3.76,8.62,4.01,12.26,10.32,3.2
2016-10-21,16.92,36.35,15.51,49.05,86.94,13.88,3.92,13.62,3.82,4.34,3.73,8.7,4.1,12.36,10.26,3.18
2016-10-24,16.53,35.84,15.29,48.29,85.55,13.51,3.75,13.27,3.73,4.07,3.57,8.6,4.06,11.9,10.09,3.04
2016-10-25,16.89,36.59,15.59,49.59,87.21,13.83,3.9,13.55,3.84,4.22,3.61,8.81,4.23,12.19,10.5,3.19
2016-10-26,16.65,36.18,15.32,48.4,85.78,13.51,3.79,13.42,3.68,4.08,3.41,8.39,4.06,11.85,10.56,3.13
2016-10-27,16.85,34.79,14.76,48.77,85.36,13.36,3.74,13.27,3.6,4.03,3.33,7.88,3.93,11.22,10.46,3.08
2016-10-28,17.08,35.38,14.82,49.4,85.85,13.52,3.74,12.91,3.42,4.05,3.33,7.68,3.93,10.99,10.49,3.07
2016-10-31,17.59,37.04,15.2,50.8,88.73,13.74,3.86,13.29,3.56,4.15,3.16,7.85,4.01,11.2,10.53,3.17
2016-11-01,18.41,37.95,15.53,51.62,89.86,14.27,3.96,13.7,3.59,4.33,3.3,7.99,4.15,11.68,10.78,3.34
2016-11-02,18.14,37.18,15.34,51.22,90.03,14.1,3.9,13.02,3.64,4.14,3.31,7.94,3.94,11.36,10.68,3.28
2016-11-03,18.33,37.75,15.24,51.87,88.0,14.58,4.21,12.99,3.72,4.21,3.33,8.1,4.18,11.64,10.62,3.39
2016-11-04,18.27,37.8,15.3,51.68,85.89,14.18,4.11,12.62,3.7,4.17,3.28,7.75,4.21,11.67,10.42,3.42
2016-11-07,17.35,36.49,14.72,49.59,83.91,13.4,3.94,12.48,3.58,4.09,3.17,7.43,3.97,11.03,10.28,3.19
2016-11-08,17.15,36.06,14.75,49.7,83.71,13.14,3.91,12.1,3.53,3.99,3.14,7.19,4.3,10.83,10.11,3.14
2016-11-09,17.25,37.04,15.02,50.54,86.22,13.51,3.98,12.92,3.62,4.1,3.15,7.52,4.35,11.33,9.87,3.25
2016-11-10,15.77,34.68,13.96,46.55,77.53,12.46,3.58,12.52,3.33,3.74,2.89,7.07,3.84,10.36,9.54,2.96
2016-11-11,14.84,31.59,13.14,42.24,73.67,11.21,3.25,12.02,3.01,3.39,2.66,6.34,3.59,9.44,9.43,2.54
2016-11-14,14.64,32.6,13.35,42.02,73.27,11.72,3.36,11.46,3.08,3.52,2.6,6.43,3.72,9.78,9.65,2.69
2016-11-15,15.58,33.91,13.84,44.23,74.71,11.95,3.59,11.1,3.16,3.57,2.87,6.95,3.95,10.0,10.09,2.78
2016-11-16,15.6,33.76,13.73,44.27,74.12,11.78,3.61,11.04,3.15,3.33,2.83,6.61,3.83,9.52,10.0,2.62
2016-11-17,15.36,32.7,13.41,42.78,73.69,11.46,3.56,10.58,3.08,3.28,2.75,6.42,3.7,9.46,9.73,2.5
2016-11-18,15.29,32.69,13.32,42.2,72.19,11.43,3.39,10.92,3.04,3.24,2.74,6.4,3.69,9.36,9.84,2.47
2016-11-21,15.39,33.07,13.57,43.19,74.59,11.42,3.43,11.12,3.07,3.22,2.82,6.56,3.77,9.49,9.73,2.42
2016-11-22,15.35,33.2,13.5,42.74,73.44,11.22,3.44,11.44,3.1,3.13,2.82,6.57,3.87,9.18,9.77,2.38
2016-11-23,14.63,31.5,12.91,39.84,70.92,10.59,3.17,11.09,2.94,3.05,2.65,6.23,3.59,8.82,9.53,2.19
2016-11-25,14.76,31.92,13.01,40.88,71.09,10.88,3.17,10.96,2.92,3.08,2.66,6.16,3.64,8.67,9.6,2.27
2016-11-28,15.4,33.45,13.54,42.17,74.29,11.28,3.37,11.37,3.06,3.3,2.78,6.52,3.75,9.0,9.81,2.46
2016-11-29,15.44,33.55,13.44,41.95,73.61,11.1,3.37,11.08,2.99,3.21,2.71,6.57,3.76,8.4,9.85,2.32
2016-11-30,15.02,32.44,13.19,41.05,71.88,10.94,3.29,11.17,2.99,3.07,2.74,6.39,3.67,8.31,9.8,2.28
2016-12-01,15.02,32.27,13.22,40.11,72.39,10.89,3.31,11.04,2.91,3.09,2.75,6.13,3.68,8.34,9.85,2.29
2016-12-02,15.66,33.58,13.56,41.1,73.76,11.45,3.47,11.46,3.03,3.16,2.89,6.26,3.86,8.47,10.0,2.29
2016-12-05,15.71,33.48,13.49,40.91,72.84,11.0,3.41,11.69,3.02,3.09,2.95,6.31,3.92,8.24,10.03,2.19
2016-12-06,15.49,33.02,13.37,40.51,73.07,10.83,3.39,11.87,3.08,3.11,3.03,6.06,3.86,8.17,10.09,2.23
2016-12-07,15.79,33.62,13.49,40.32,74.61,11.15,3.4,11.87,3.07,3.09,2.99,6.13,3.91,8.42,10.14,2.22
2016-12-08,15.92,33.87,13.53,40.43,74.65,11.08,3.36,11.93,3.02,3.08,3.02,6.08,3.95,8.36,10.2,2.28
2016-12-09,15.45,32.79,13.2,38.28,73.12,10.67,3.21,11.19,2.89,2.9,2.92,6.05,3.73,7.1,10.0,2.08
2016-12-12,15.31,32.6,13.16,38.92,72.85,10.59,3.31,11.3,2.97,2.93,3.04,6.49,3.86,7.12,9.95,2.06
2016-12-13,15.74,33.87,13.25,39.65,73.91,10.81,3.4,11.32,2.99,3.01,2.99,6.52,3.94,7.34,9.81,2.19
2016-12-14,14.73,31.68,12.42,37.87,71.12,10.08,3.21,10.74,2.81,2.84,2.83,6.26,3.56,6.64,9.38,2.0
2016-12-15,14.0,30.91,12.19,36.44,68.8,9.54,3.13,10.15,2.63,2.64,2.72,6.07,3.21,6.55,9.11,1.92
2016-12-16,14.28,31.66,12.53,37.34,68.74,9.51,3.03,10.11,2.64,2.67,2.75,6.08,3.32,6.61,8.93,1.89
2016-12-19,14.24,31.78,12.37,38.1,70.45,9.56,3.01,10.15,2.55,2.73,2.83,6.13,3.34,6.7,9.09,1.95
2016-12-20,14.34,31.66,12.32,37.76,70.63,9.82,3.03,10.32,2.58,2.8,2.96,6.14,3.4,6.53,9.11,1.97
2016-12-21,14.16,31.55,12.42,38.23,70.29,9.83,2.98,10.2,2.56,2.73,3.06,6.06,3.33,6.5,9.0,1.93
2016-12-22,14.12,31.44,12.36,38.12,71.1,9.71,2.91,10.41,2.51,2.78,3.0,6.06,3.25,6.41,8.97,1.94
2016-12-23,14.55,32.46,12.6,38.86,71.84,9.88,2.94,10.4,2.54,2.84,3.05,6.15,3.37,6.69,9.04,2.04
2016-12-27,14.86,32.59,12.86,39.96,72.86,10.1,3.04,10.93,2.67,2.9,3.13,6.44,3.55,6.87,9.21,2.11
2016-12-28,15.28,32.78,13.16,40.5,75.56,10.28,3.11,11.22,2.74,3.0,3.2,6.56,3.66,7.03,9.42,2.18
2016-12-29,16.39,35.27,13.87,43.4,79.08,11.03,3.27,11.84,2.97,3.19,3.38,7.22,4.02,7.39,9.91,2.35
2016-12-30,15.98,34.07,13.6,42.0,76.34,10.51,3.11,11.28,2.81,3.01,3.22,6.84,3.85,7.06,9.72,2.21
2017-01-03,16.39,34.63,14.05,43.05,79.01,11.09,3.29,12.01,2.98,3.23,3.34,7.26,4.14,7.59,9.95,2.35
2017-01-04,16.4,34.96,14.26,43.27,79.29,11.25,3.29,12.69,3.02,3.2,3.42,7.5,4.21,7.82,10.04,2.39
2017-01-05,17.37,36.57,14.94,45.56,82.71,11.99,3.46,13.03,3.22,3.43,3.59,8.56,4.68,8.26,10.68,2.56
2017-01-06,16.93,35.42,14.62,44.89,80.9,11.39,3.35,12.58,3.1,3.24,3.4,7.95,4.44,7.77,10.45,2.38
2017-01-09,16.97,35.36,14.46,44.13,80.82,11.33,3.34,12.79,3.17,3.29,3.35,8.18,4.53,7.89,10.66,2.42
2017-01-10,16.8,35.08,14.45,44.35,81.61,11.5,3.39,13.1,3.18,3.27,3.37,8.37,4.58,7.87,10.7,2.44
2017-01-11,16.68,34.37,14.47,45.55,80.37,11.46,3.37,13.04,3.19,3.26,3.45,8.53,4.5,7.88,10.85,2.43
2017-01-12,16.89,34.47,14.61,45.64,81.78,11.89,3.31,13.0,3.13,3.38,3.33,8.41,4.46,7.99,10.71,2.42
2017-01-13,16.87,34.53,14.6,46.05,81.9,12.03,3.36,13.08,3.17,3.44,3.4,8.21,4.44,8.06,10.65,2.47
2017-01-17,17.24,35.14,15.15,46.49,83.44,12.41,3.63,13.42,3.26,3.6,3.44,8.5,4.59,8.25,10.76,2.56
2017-01-18,16.82,35.26,15.31,45.7,82.39,12.14,3.56,13.05,3.16,3.5,3.35,8.39,4.43,8.3,10.52,2.47
2017-01-19,16.92,34.93,15.09,45.2,82.14,12.09,3.52,12.91,3.15,3.45,3.34,8.27,4.42,8.07,10.49,2.48
2017-01-20,17.11,35.04,15.38,45.64,82.89,12.06,3.59,13.15,3.21,3.47,3.46,8.34,4.45,8.22,10.49,2.48
2017-01-23,17.82,35.88,15.76,47.11,85.85,12.48,3.75,13.53,3.3,3.61,3.53,8.48,4.62,8.81,10.64,2.54
2017-01-24,18.13,36.04,16.04,47.26,84.99,12.46,3.84,13.49,3.33,3.56,3.57,8.45,4.61,8.7,10.61,2.49
2017-01-25,18.06,34.95,16.02,45.86,83.58,12.16,3.71,13.15,3.25,3.47,3.51,8.38,4.54,8.51,10.71,2.48
2017-01-26,17.87,34.19,15.62,44.93,81.3,11.74,3.59,12.97,3.17,3.42,3.36,7.55,4.39,8.31,10.63,2.36
2017-01-27,17.79,34.38,15.76,45.92,82.26,12.0,3.61,13.31,3.19,3.46,3.43,7.58,4.47,8.56,10.78,2.44
2017-01-30,18.01,34.97,15.79,46.17,82.16,12.0,3.69,13.17,3.21,3.39,3.4,7.37,4.51,8.59,10.81,2.49
2017-01-31,18.44,36.28,16.17,47.7,84.94,12.71,3.9,13.79,3.31,3.51,3.53,7.5,4.62,9.06,11.0,2.55
2017-02-01,18.48,35.87,15.96,47.4,84.87,12.54,3.88,13.55,3.32,3.5,3.54,7.7,4.6,8.96,11.19,2.58
2017-02-02,18.94,36.68,16.4,48.65,85.73,13.0,3.92,13.72,3.35,3.59,3.6,8.01,4.68,9.27,11.24,2.66
2017-02-03,18.93,36.76,16.28,49.21,85.78,13.03,3.92,13.7,3.4,3.58,3.6,8.24,4.73,8.86,11.36,2.66
2017-02-06,19.42,37.94,16.82,50.34,90.97,13.34,4.11,14.47,3.57,3.67,3.79,8.75,4.97,9.08,11.72,2.82
2017-02-07,19.33,37.32,16.72,50.08,92.95,13.14,4.05,14.43,3.55,3.61,3.77,8.7,4.94,8.85,11.83,2.76
2017-02-08,19.59,37.85,16.94,50.86,94.94,13.52,4.19,14.18,3.62,3.58,3.85,8.76,5.12,8.92,11.93,2.8
2017-02-09,19.15,37.2,16.83,50.2,92.88,13.14,4.1,13.75,3.5,3.34,3.73,8.6,4.88,8.74,11.61,2.71
2017-02-10,19.49,37.65,17.0,50.83,93.44,13.39,4.09,14.16,3.53,3.47,3.79,8.52,4.83,8.94,11.71,2.75
2017-02-13,19.42,37.38,16.76,49.75,92.81,13.18,3.98,13.88,3.47,3.41,3.68,8.42,4.74,8.81,11.58,2.69
2017-02-14,19.27,37.09,16.62,49.45,93.0,13.17,3.93,13.71,3.43,3.46,3.72,8.46,4.74,8.89,11.57,2.77
2017-02-15,19.32,37.03,16.66,49.42,92.42,13.22,3.95,13.71,3.35,3.47,3.68,8.63,4.67,8.92,11.63,2.85
2017-02-16,20.5,37.57,17.67,47.1,91.7,13.29,3.93,13.41,3.44,3.45,3.8,8.67,4.69,8.88,11.89,2.98
2017-02-17,20.17,37.01,17.39,46.82,91.17,12.9,3.88,13.13,3.09,3.27,3.66,8.33,4.54,8.64,11.73,2.78
2017-02-21,20.11,37.44,17.09,46.61,91.27,12.54,3.83,13.04,2.97,3.25,3.63,7.99,4.46,8.45,11.51,2.72
2017-02-22,19.87,36.0,16.89,45.47,93.32,11.81,3.76,12.94,2.85,3.22,3.65,8.03,4.41,8.22,11.43,2.63
2017-02-23,19.69,35.86,16.82,45.38,94.69,11.83,3.71,12.83,2.83,3.31,3.61,8.28,4.32,8.62,11.44,2.77
2017-02-24,19.54,36.08,16.57,45.32,94.77,11.59,3.81,12.63,2.79,3.25,3.22,8.03,4.33,8.54,11.27,2.67
2017-02-27,18.91,33.97,16.02,42.46,90.58,10.99,3.59,12.19,2.74,2.97,3.16,7.33,3.93,7.91,10.8,2.45
2017-02-28,18.58,34.24,15.95,42.41,91.71,11.02,3.54,12.3,2.78,3.09,3.06,7.23,3.94,8.11,10.98,2.5
2017-03-01,18.91,34.42,15.63,42.2,92.13,11.08,3.49,12.54,2.75,3.17,3.08,7.33,3.89,8.08,11.2,2.56
2017-03-02,18.04,33.6,15.03,40.59,89.4,10.57,3.33,11.83,2.58,3.05,2.89,6.86,3.63,7.71,10.83,2.39
2017-03-03,18.24,34.07,15.12,41.23,90.86,10.6,3.37,12.09,2.62,3.24,2.95,7.09,3.81,7.9,10.96,2.38
2017-03-06,18.02,33.01,15.0,40.12,88.97,10.22,3.31,11.71,2.54,3.11,2.86,6.68,3.59,7.69,10.59,2.18
2017-03-07,17.77,32.98,14.73,39.98,87.26,10.14,3.26,11.67,2.5,3.16,2.77,6.65,3.58,7.9,10.52,2.2
2017-03-08,17.82,32.89,14.66,40.05,85.55,10.04,3.25,11.39,2.49,3.04,2.86,6.87,3.48,7.7,10.43,2.19
2017-03-09,17.72,32.6,14.58,39.86,84.26,9.74,3.18,11.46,2.49,2.95,2.86,6.78,3.44,7.45,10.36,2.08
2017-03-10,18.2,32.94,14.82,41.2,85.1,10.01,3.28,11.81,2.62,3.01,2.98,7.01,3.66,7.53,10.64,2.21
2017-03-13,18.27,33.02,14.86,41.25,85.29,10.04,3.25,11.98,2.62,3.12,2.98,7.23,3.6,7.66,10.92,2.31
2017-03-14,17.8,32.4,14.56,39.92,84.19,9.84,3.19,11.75,2.53,3.12,2.85,6.84,3.39,7.56,10.71,2.23
2017-03-15,19.02,34.1,15.45,42.99,88.27,10.79,3.47,12.74,2.77,3.42,3.11,7.67,3.88,8.29,11.15,2.48
2017-03-16,18.91,32.81,15.34,42.25,87.87,10.84,3.44,12.86,2.83,3.47,3.09,7.68,3.88,8.4,11.28,2.4
2017-03-17,18.85,32.84,15.32,42.37,87.41,10.81,3.4,12.78,2.77,3.47,3.1,8.21,3.88,8.42,10.94,2.27
2017-03-20,19.06,33.56,15.45,43.03,89.41,11.09,3.47,12.64,2.78,3.5,3.08,8.05,3.91,8.45,11.3,2.42
2017-03-21,19.45,34.03,15.84,44.09,89.99,11.3,3.48,12.64,2.85,3.56,3.17,8.33,3.97,8.88,11.32,2.46
2017-03-22,19.48,33.84,15.96,44.37,90.83,11.07,3.49,12.56,2.87,3.6,3.15,8.2,3.91,8.99,11.37,2.45
2017-03-23,19.37,33.62,15.91,44.33,89.23,11.04,3.43,12.43,2.79,3.58,3.17,8.17,3.86,8.88,11.27,2.34
2017-03-24,19.21,33.48,15.84,43.83,89.07,11.1,3.39,12.49,2.78,3.52,3.14,8.18,3.89,8.81,11.19,2.4
2017-03-27,19.6,33.91,16.05,44.64,90.15,11.39,3.48,12.61,2.88,3.64,3.25,8.24,3.96,9.4,11.51,2.49
2017-03-28,19.08,33.0,14.94,43.09,89.07,11.05,3.4,12.53,2.78,3.56,3.16,8.15,3.84,8.88,11.24,2.38
2017-03-29,19.19,33.19,14.91,43.16,87.68,11.12,3.47,12.39,2.83,3.6,3.48,8.19,3.98,9.06,11.22,2.4
2017-03-30,18.84,32.93,14.66,42.27,86.41,10.62,3.48,11.95,2.77,3.48,3.48,8.03,3.93,8.79,11.13,2.34
2017-03-31,18.99,32.96,14.59,42.44,87.28,10.77,3.51,12.04,2.76,3.53,3.41,8.03,4.0,8.81,11.1,2.45
2017-04-03,19.31,33.89,14.82,43.55,87.84,11.38,3.56,12.09,2.79,3.62,3.44,8.16,4.16,9.23,11.09,2.62
2017-04-04,19.46,34.19,14.89,44.35,89.39,11.65,3.58,12.51,2.83,3.72,3.44,8.21,4.21,9.81,11.17,2.63
2017-04-05,19.36,34.31,14.85,44.64,89.15,11.85,3.6,12.5,2.87,3.73,3.42,8.13,4.28,9.79,11.27,2.69
2017-04-06,19.28,34.17,14.81,44.92,89.26,11.85,3.57,12.34,2.84,3.65,3.45,7.95,4.21,9.69,11.29,2.67
2017-04-07,19.14,34.31,14.75,44.59,90.62,11.94,3.58,12.08,2.84,3.73,3.47,8.02,4.2,9.65,11.18,2.65
2017-04-10,19.47,34.61,14.92,45.28,90.17,12.14,3.59,12.14,2.88,3.67,3.48,8.05,4.2,9.56,11.21,2.64
2017-04-11,20.09,35.13,15.33,46.36,93.82,12.51,3.72,11.95,2.94,3.78,3.56,8.38,4.39,9.91,11.34,2.78
2017-04-12,20.22,35.08,15.5,47.12,93.54,12.84,3.85,12.12,3.02,3.83,3.55,8.57,4.55,9.89,11.5,2.75
2017-04-13,19.83,34.5,15.39,46.62,93.9,12.99,3.8,12.36,3.11,4.05,3.69,8.2,4.44,10.56,11.27,2.69
2017-04-17,19.84,34.59,15.38,46.73,93.5,12.93,3.85,12.35,3.15,4.02,3.69,8.14,4.42,10.36,11.27,2.61
2017-04-18,19.71,34.32,15.38,46.47,93.82,13.06,3.85,12.63,3.15,4.06,3.72,7.97,4.48,10.01,11.51,2.58
2017-04-19,18.91,33.52,14.9,45.38,90.81,12.65,3.72,12.26,2.96,3.91,3.62,7.68,4.26,9.23,11.23,2.41
2017-04-20,19.2,33.67,15.06,45.57,90.63,12.51,3.78,12.31,3.0,3.92,3.6,7.65,4.35,9.1,11.19,2.41
2017-04-21,19.23,34.13,15.15,46.01,90.61,12.43,3.86,12.2,3.01,3.84,3.6,7.62,4.34,8.99,11.12,2.38
2017-04-24,19.04,33.71,14.83,45.66,88.62,11.72,3.76,11.96,2.96,3.6,3.56,7.46,4.27,8.42,10.97,2.29
2017-04-25,16.89,32.89,14.36,43.46,86.91,11.58,3.51,11.78,2.75,3.53,3.4,7.16,4.0,8.14,10.5,2.2
2017-04-26,16.96,32.98,14.53,43.61,87.38,11.43,3.52,11.98,2.73,3.4,3.5,7.17,4.04,8.24,10.49,2.25
2017-04-27,16.71,32.91,13.8,43.48,86.64,11.23,3.42,11.6,2.63,3.27,3.38,7.06,4.01,8.02,10.56,2.18
2017-04-28,16.72,33.81,13.96,47.83,87.99,11.43,3.49,12.01,2.7,3.25,3.66,7.16,4.14,8.01,10.67,2.18
2017-05-01,16.36,32.68,13.65,46.72,85.89,11.05,3.4,11.61,2.61,3.14,3.42,7.06,3.94,7.67,10.57,2.07
2017-05-02,16.41,33.01,13.74,46.84,85.73,11.37,3.36,11.77,2.66,3.22,3.46,6.74,3.86,7.71,10.47,2.15
2017-05-03,16.21,32.69,13.53,46.27,84.79,11.32,3.7,11.95,2.67,3.22,3.48,6.67,3.78,7.8,10.45,2.19
2017-05-04,16.0,32.28,13.39,45.35,85.03,10.84,3.6,11.75,2.44,3.1,3.32,6.19,3.61,7.45,10.12,2.11
2017-05-05,16.15,32.73,13.61,46.67,88.95,11.19,3.77,12.42,2.48,3.13,3.42,6.39,3.76,7.59,10.26,2.16
2017-05-08,16.26,32.68,13.71,46.62,88.99,10.86,3.81,12.49,2.5,3.14,3.55,6.36,3.76,7.62,10.27,2.16
2017-05-09,16.28,32.76,13.68,46.22,88.83,10.6,3.75,12.31,2.5,3.16,3.55,6.28,3.72,7.78,10.22,2.18
2017-05-10,16.39,32.95,13.89,46.77,89.31,10.93,3.9,12.26,2.58,3.33,3.6,6.38,4.08,8.23,10.24,2.21
2017-05-11,16.7,33.48,14.12,47.62,92.19,11.26,4.1,12.53,2.71,3.48,3.67,6.44,4.21,8.41,10.65,2.28
2017-05-12,16.87,33.75,14.22,48.42,93.23,11.31,4.14,12.61,2.72,3.61,3.66,6.54,4.2,8.71,10.83,2.31
2017-05-15,16.9,33.87,14.2,48.85,93.05,11.24,4.17,12.55,2.73,3.61,3.4,6.62,4.28,8.61,10.89,2.3
2017-05-16,16.96,33.75,14.29,49.16,94.19,11.23,4.2,12.47,2.77,3.64,3.38,6.69,4.4,8.58,11.09,2.26
2017-05-17,17.11,34.26,14.26,49.53,96.74,11.69,4.28,12.68,2.82,3.8,3.33,6.74,4.54,8.59,11.14,2.34
2017-05-18,16.51,33.31,13.88,48.81,94.27,11.3,4.21,12.09,2.74,3.72,3.37,6.48,4.4,8.13,11.01,2.27
2017-05-19,16.65,33.63,13.84,49.24,95.06,11.59,4.25,12.35,2.81,3.78,3.46,6.63,4.46,5.51,11.12,2.28
2017-05-22,16.88,33.68,14.05,49.13,95.31,11.81,4.23,12.5,2.84,3.87,3.61,6.59,4.48,5.9,11.83,2.34
2017-05-23,16.42,33.05,13.55,47.6,93.0,11.84,4.17,12.0,2.73,3.8,3.4,6.29,4.29,5.83,11.09,2.22
2017-05-24,16.71,33.66,13.69,48.27,93.3,11.85,4.24,12.06,2.8,3.88,3.44,6.39,4.37,5.86,10.82,2.2
2017-05-25,16.29,33.43,13.55,48.25,92.67,11.38,4.2,12.19,2.78,3.78,3.43,6.44,4.36,5.68,10.68,2.16
2017-05-26,16.38,34.11,13.72,49.13,92.45,11.64,4.22,12.44,2.76,3.81,3.35,6.46,4.34,5.52,10.61,2.13
2017-05-30,16.42,33.97,13.61,48.06,92.26,11.33,4.24,12.37,2.68,3.62,3.19,6.53,4.28,4.97,10.51,2.05
2017-05-31,16.54,34.15,13.59,48.41,94.82,11.39,4.31,12.44,2.61,3.58,3.05,6.72,4.47,5.06,10.56,2.0
2017-06-01,16.24,34.02,13.66,48.61,95.03,11.31,4.31,12.29,2.54,3.66,3.06,6.67,4.37,4.62,10.65,1.91
2017-06-02,16.2,34.03,13.46,48.89,97.2,11.16,4.31,12.34,2.57,3.68,3.03,6.7,4.5,4.85,10.67,1.93
2017-06-05,16.19,33.84,13.4,48.1,97.17,11.52,4.24,12.51,2.57,3.81,3.02,6.75,4.51,4.98,12.17,1.91
2017-06-06,17.04,35.4,14.06,50.58,99.77,12.39,4.63,12.86,2.76,4.07,3.23,7.3,5.06,5.36,12.43,2.08
2017-06-07,16.89,35.51,13.98,50.09,99.17,12.14,4.64,12.63,2.74,3.93,3.16,7.26,4.98,5.1,12.81,2.0
2017-06-08,16.64,35.02,13.69,49.67,97.69,12.16,4.45,12.63,2.67,3.8,2.86,7.13,5.06,5.07,12.63,1.94
2017-06-09,16.32,34.3,13.43,48.2,96.13,11.95,4.33,12.73,2.63,3.75,2.9,7.03,5.07,5.23,12.6,1.86
2017-06-12,16.4,34.38,13.5,48.11,94.18,11.49,4.3,11.48,2.48,3.67,2.72,7.2,5.2,5.38,12.68,1.9
2017-06-13,16.33,34.48,13.64,49.27,94.43,11.4,4.27,11.62,2.54,3.65,2.81,7.28,5.43,5.2,12.69,1.91
2017-06-14,15.95,33.72,13.2,46.96,93.01,11.06,4.13,11.27,2.51,3.52,2.69,6.98,5.0,5.09,12.16,1.8
2017-06-15,15.64,33.04,13.09,46.39,90.63,10.63,4.09,11.22,2.48,3.44,2.67,7.05,5.08,4.84,12.19,1.8
2017-06-16,15.69,32.84,13.12,46.84,90.94,10.3,4.09,11.22,2.45,3.42,2.75,7.08,5.05,4.8,12.0,1.68
2017-06-19,15.7,32.88,13.05,46.32,90.25,10.09,4.04,11.29,2.37,3.45,2.79,6.97,4.97,4.9,12.2,1.67
2017-06-20,15.58,32.84,13.05,45.7,88.75,9.96,3.96,11.24,2.36,3.42,2.75,7.07,5.04,4.8,12.26,1.59
2017-06-21,15.74,33.15,13.39,46.42,89.27,10.16,4.03,11.47,2.43,3.54,2.77,7.25,5.08,4.95,12.33,1.63
2017-06-22,16.09,33.5,13.53,46.55,89.72,10.48,4.12,11.57,2.52,3.62,2.81,7.29,5.23,5.01,12.46,1.62
2017-06-23,16.48,33.81,13.8,47.84,90.89,10.59,4.24,11.57,2.66,3.64,2.91,7.44,5.33,5.09,12.45,1.7
2017-06-26,16.34,33.77,13.67,47.27,89.48,10.5,4.24,11.48,2.61,3.61,2.89,7.41,5.23,5.07,12.25,1.69
2017-06-27,16.08,33.07,13.37,46.08,89.06,10.42,4.12,11.01,2.57,3.59,2.82,7.24,5.14,4.95,12.34,1.67
2017-06-28,16.13,33.04,13.34,46.46,89.9,10.11,4.11,11.02,2.57,3.55,2.67,7.25,5.22,4.86,12.51,1.65
2017-06-29,15.9,32.23,12.97,44.75,87.68,9.76,4.0,10.99,2.46,3.41,2.58,6.9,5.12,4.7,12.28,1.62
2017-06-30,15.91,32.39,12.91,45.12,88.46,9.72,4.07,11.5,2.43,3.48,2.64,7.18,5.16,4.63,12.22,1.65
