,Date,RB00_p,RB00_v,RB00_po
0,2009-03-27,3561.0,354590.0,45548.0
1,2009-03-30,3544.0,145168.0,48380.0
2,2009-03-31,3549.0,70592.0,44714.0
3,2009-04-01,3547.0,28100.0,42076.0
4,2009-04-02,3473.0,235446.0,68888.0
5,2009-04-03,3448.0,152376.0,75038.0
6,2009-04-07,3491.0,242578.0,100482.0
7,2009-04-08,3463.0,147288.0,91910.0
8,2009-04-09,3468.0,87688.0,94832.0
9,2009-04-10,3484.0,120978.0,100164.0
10,2009-04-13,3469.0,109820.0,109430.0
11,2009-04-14,3560.0,540646.0,150640.0
12,2009-04-15,3562.0,255606.0,151496.0
13,2009-04-16,3596.0,250464.0,169328.0
14,2009-04-17,3620.0,339250.0,219892.0
15,2009-04-20,3623.0,259196.0,237828.0
16,2009-04-21,3524.0,332448.0,239554.0
17,2009-04-22,3526.0,168524.0,232948.0
18,2009-04-23,3513.0,130386.0,232986.0
19,2009-04-24,3501.0,101444.0,246048.0
20,2009-04-27,3499.0,102472.0,254508.0
21,2009-04-28,3507.0,96548.0,262534.0
22,2009-04-29,3520.0,102694.0,275054.0
23,2009-04-30,3553.0,246912.0,297600.0
24,2009-05-04,3636.0,574332.0,326102.0
25,2009-05-05,3577.0,175954.0,309944.0
26,2009-05-06,3594.0,103788.0,313462.0
27,2009-05-07,3593.0,150420.0,319090.0
28,2009-05-08,3614.0,103620.0,323154.0
29,2009-05-11,3639.0,335082.0,339154.0
30,2009-05-12,3645.0,193634.0,339446.0
31,2009-05-13,3639.0,118636.0,340500.0
32,2009-05-14,3594.0,139572.0,336300.0
33,2009-05-15,3604.0,132292.0,338078.0
34,2009-05-18,3608.0,104746.0,336750.0
35,2009-05-19,3618.0,95620.0,335490.0
36,2009-05-20,3618.0,118774.0,337480.0
37,2009-05-21,3624.0,117628.0,341848.0
38,2009-05-22,3618.0,60222.0,340042.0
39,2009-05-25,3609.0,95810.0,353156.0
40,2009-05-26,3601.0,114194.0,342966.0
41,2009-05-27,3610.0,46518.0,336726.0
42,2009-06-01,3647.0,193008.0,345990.0
43,2009-06-02,3655.0,199128.0,343720.0
44,2009-06-03,3670.0,105466.0,344674.0
45,2009-06-04,3700.0,370954.0,364312.0
46,2009-06-05,3756.0,267786.0,346124.0
47,2009-06-08,3788.0,293778.0,349442.0
48,2009-06-09,3779.0,214676.0,345982.0
49,2009-06-10,3808.0,238210.0,350576.0
50,2009-06-11,3878.0,634152.0,379366.0
51,2009-06-12,3864.0,588842.0,356098.0
52,2009-06-15,3849.0,366022.0,347822.0
53,2009-06-16,3865.0,358246.0,343406.0
54,2009-06-17,3852.0,212522.0,336914.0
55,2009-06-18,3842.0,188838.0,324540.0
56,2009-06-19,3907.0,556782.0,347244.0
57,2009-06-22,3919.0,486210.0,351602.0
58,2009-06-23,3881.0,481544.0,353118.0
59,2009-06-24,3870.0,278854.0,360512.0
60,2009-06-25,3866.0,281842.0,364480.0
61,2009-06-26,3854.0,370288.0,386812.0
62,2009-06-29,3829.0,269442.0,347228.0
63,2009-06-30,3826.0,195086.0,328402.0
64,2009-07-01,3839.0,204968.0,350394.0
65,2009-07-02,3867.0,270952.0,360910.0
66,2009-07-03,3859.0,255284.0,337062.0
67,2009-07-06,3866.0,124140.0,317320.0
68,2009-07-07,3870.0,75408.0,292496.0
69,2009-07-08,3850.0,91018.0,265660.0
70,2009-07-09,3865.0,54998.0,245964.0
71,2009-07-10,3882.0,105188.0,207008.0
72,2009-07-13,3886.0,75444.0,167128.0
73,2009-07-14,3927.0,139702.0,243330.0
74,2009-07-15,4002.0,325300.0,301264.0
75,2009-07-16,4034.0,343434.0,321434.0
76,2009-07-17,4007.0,240664.0,341312.0
77,2009-07-20,4029.0,236266.0,331820.0
78,2009-07-21,4034.0,257934.0,313618.0
79,2009-07-22,4072.0,385238.0,323830.0
80,2009-07-23,4122.0,374508.0,335622.0
81,2009-07-24,4184.0,491822.0,366596.0
82,2009-07-27,4236.0,703260.0,357310.0
83,2009-07-28,4331.0,804126.0,367064.0
84,2009-07-29,4392.0,1523852.0,381370.0
85,2009-07-30,4444.0,1242210.0,397818.0
86,2009-07-31,4627.0,1169890.0,322324.0
87,2009-08-03,4857.0,780966.0,279200.0
88,2009-08-04,4848.0,521860.0,203242.0
89,2009-08-05,4875.0,1873192.0,381270.0
90,2009-08-06,4853.0,1621836.0,404006.0
91,2009-08-07,4653.0,2229450.0,479442.0
92,2009-08-10,4642.0,2447234.0,545680.0
93,2009-08-11,4658.0,1560460.0,574404.0
94,2009-08-12,4591.0,1695626.0,586680.0
95,2009-08-13,4617.0,1571528.0,609950.0
96,2009-08-14,4512.0,1802234.0,617946.0
97,2009-08-17,4436.0,2215634.0,677222.0
98,2009-08-18,4416.0,1939468.0,699532.0
99,2009-08-19,4219.0,2016294.0,773276.0
100,2009-08-20,4283.0,3422102.0,737710.0
101,2009-08-21,4334.0,3726314.0,584028.0
102,2009-08-24,4323.0,2943276.0,711510.0
103,2009-08-25,4240.0,2379552.0,713656.0
104,2009-08-26,4269.0,2537210.0,713672.0
105,2009-08-27,4271.0,2480188.0,664620.0
106,2009-08-28,4272.0,2079554.0,551250.0
107,2009-08-31,4133.0,1196214.0,457776.0
108,2009-09-01,4075.0,2298522.0,565666.0
109,2009-09-02,4032.0,2495062.0,655448.0
110,2009-09-03,4049.0,2692972.0,785996.0
111,2009-09-04,4031.0,2149974.0,743134.0
112,2009-09-07,3919.0,2319506.0,813362.0
113,2009-09-08,3944.0,2940662.0,856186.0
114,2009-09-09,4044.0,3511382.0,822244.0
115,2009-09-10,4007.0,3042352.0,820362.0
116,2009-09-11,3972.0,2300404.0,771010.0
117,2009-09-14,3973.0,2204152.0,826866.0
118,2009-09-15,3967.0,2442764.0,851042.0
119,2009-09-16,4036.0,2972124.0,945416.0
120,2009-09-17,3990.0,2894650.0,845812.0
121,2009-09-18,3973.0,2542940.0,809736.0
122,2009-09-21,3989.0,2124888.0,792970.0
123,2009-09-22,3956.0,1579692.0,796146.0
124,2009-09-23,3891.0,1982280.0,763850.0
125,2009-09-24,3854.0,1994462.0,654936.0
126,2009-09-25,3825.0,1428766.0,575450.0
127,2009-09-28,3659.0,1576644.0,464788.0
128,2009-09-29,3694.0,955326.0,389472.0
129,2009-09-30,3690.0,502604.0,348808.0
130,2009-10-09,3644.0,389490.0,353624.0
131,2009-10-12,3695.0,2780278.0,846648.0
132,2009-10-13,3665.0,3021334.0,957126.0
133,2009-10-14,3678.0,1978512.0,933878.0
134,2009-10-15,3756.0,3455848.0,1030266.0
135,2009-10-16,3829.0,3382296.0,1021444.0
136,2009-10-19,3865.0,4873370.0,928462.0
137,2009-10-20,3842.0,4400712.0,956600.0
138,2009-10-21,3887.0,4327680.0,1074998.0
139,2009-10-22,3855.0,3798008.0,941386.0
140,2009-10-23,3891.0,3262858.0,962532.0
141,2009-10-26,4001.0,3803970.0,986416.0
142,2009-10-27,3971.0,4219748.0,933452.0
143,2009-10-28,3865.0,3985220.0,974492.0
144,2009-10-29,3835.0,3560734.0,947758.0
145,2009-10-30,3875.0,3493144.0,889906.0
146,2009-11-02,3910.0,3874360.0,978936.0
147,2009-11-03,3881.0,3823694.0,912700.0
148,2009-11-04,3889.0,2265846.0,839078.0
149,2009-11-05,3885.0,1028068.0,672212.0
150,2009-11-06,3890.0,500226.0,500580.0
151,2009-11-09,4110.0,2741108.0,866502.0
152,2009-11-10,4081.0,4093486.0,925730.0
153,2009-11-11,4066.0,3384350.0,826464.0
154,2009-11-12,4048.0,2801338.0,840876.0
155,2009-11-13,4069.0,3108858.0,870484.0
156,2009-11-16,4057.0,2375782.0,843940.0
157,2009-11-17,4040.0,1720030.0,824616.0
158,2009-11-18,4045.0,1227332.0,742162.0
159,2009-11-19,4115.0,2827416.0,800276.0
160,2009-11-20,4109.0,2400314.0,789772.0
161,2009-11-23,4186.0,2460280.0,859780.0
162,2009-11-24,4118.0,2614316.0,750970.0
163,2009-11-25,4129.0,1586646.0,705540.0
164,2009-11-26,4077.0,1528990.0,624078.0
165,2009-11-27,3939.0,1439740.0,453332.0
166,2009-11-30,4375.0,3268228.0,514984.0
167,2009-12-01,4367.0,2929698.0,572052.0
168,2009-12-02,4377.0,2660750.0,636968.0
169,2009-12-03,4385.0,2102022.0,608046.0
170,2009-12-04,4374.0,2500528.0,641718.0
171,2009-12-07,4373.0,1983820.0,664010.0
172,2009-12-08,4318.0,2779118.0,732298.0
173,2009-12-09,4267.0,1871676.0,735304.0
174,2009-12-10,4334.0,3354396.0,839430.0
175,2009-12-11,4396.0,3160862.0,865224.0
176,2009-12-14,4430.0,2822038.0,956258.0
177,2009-12-15,4394.0,2691114.0,978684.0
178,2009-12-16,4392.0,1644196.0,970528.0
179,2009-12-17,4386.0,1735560.0,931778.0
180,2009-12-18,4379.0,1061746.0,852086.0
181,2009-12-21,4418.0,1170240.0,909188.0
182,2009-12-22,4405.0,1933556.0,916252.0
183,2009-12-23,4408.0,1166438.0,892398.0
184,2009-12-24,4461.0,1507386.0,1018962.0
185,2009-12-25,4459.0,1129794.0,957350.0
186,2009-12-28,4525.0,1346854.0,1028662.0
187,2009-12-29,4499.0,1430618.0,996206.0
188,2009-12-30,4486.0,973818.0,952476.0
189,2009-12-31,4511.0,976200.0,911846.0
190,2010-01-04,4579.0,1809996.0,965458.0
191,2010-01-05,4589.0,1320756.0,987708.0
192,2010-01-06,4622.0,1481228.0,1027884.0
193,2010-01-07,4489.0,2196160.0,932514.0
194,2010-01-08,4462.0,1520076.0,894544.0
195,2010-01-11,4516.0,1130570.0,939144.0
196,2010-01-12,4510.0,1176288.0,957810.0
197,2010-01-13,4418.0,1461688.0,906786.0
198,2010-01-14,4433.0,1076498.0,938680.0
199,2010-01-15,4368.0,1276950.0,939862.0
200,2010-01-18,4395.0,1148302.0,943604.0
201,2010-01-19,4382.0,1236092.0,888684.0
202,2010-01-20,4364.0,1243448.0,847790.0
203,2010-01-21,4352.0,960118.0,862226.0
204,2010-01-22,4288.0,1207020.0,856708.0
205,2010-01-25,4278.0,870946.0,874294.0
206,2010-01-26,4265.0,818680.0,852992.0
207,2010-01-27,4316.0,1452742.0,891916.0
208,2010-01-28,4293.0,1793390.0,914470.0
209,2010-01-29,4300.0,1234868.0,870164.0
210,2010-02-01,4295.0,1156486.0,861912.0
211,2010-02-02,4159.0,2453186.0,825676.0
212,2010-02-03,4180.0,1448904.0,802842.0
213,2010-02-04,4115.0,1152398.0,775898.0
214,2010-02-05,4109.0,849138.0,711780.0
215,2010-02-08,4129.0,577962.0,685168.0
216,2010-02-09,4157.0,617652.0,690518.0
217,2010-02-10,4198.0,732940.0,680758.0
218,2010-02-11,4229.0,497494.0,676876.0
219,2010-02-12,4293.0,599774.0,656346.0
220,2010-02-22,4243.0,1055136.0,710878.0
221,2010-02-23,4283.0,1147210.0,798784.0
222,2010-02-24,4253.0,1098624.0,824246.0
223,2010-02-25,4209.0,929826.0,790336.0
224,2010-02-26,4214.0,703304.0,727690.0
225,2010-03-01,4209.0,520590.0,697674.0
226,2010-03-02,4155.0,425640.0,635048.0
227,2010-03-03,4143.0,234628.0,618836.0
228,2010-03-04,4141.0,231868.0,585416.0
229,2010-03-05,4168.0,233628.0,567908.0
230,2010-03-08,4189.0,268998.0,534642.0
231,2010-03-09,4636.0,1233638.0,690336.0
232,2010-03-10,4649.0,1473124.0,715950.0
233,2010-03-11,4652.0,2179364.0,808320.0
234,2010-03-12,4658.0,1492582.0,840734.0
235,2010-03-15,4660.0,1417516.0,816388.0
236,2010-03-16,4780.0,3010260.0,1017718.0
237,2010-03-17,4763.0,3359552.0,1148228.0
238,2010-03-18,4733.0,2106268.0,1083410.0
239,2010-03-19,4757.0,1684262.0,1095246.0
240,2010-03-22,4768.0,2049968.0,1112354.0
241,2010-03-23,4742.0,1517210.0,1117220.0
242,2010-03-24,4778.0,1723924.0,1056760.0
243,2010-03-25,4796.0,1511786.0,1088852.0
244,2010-03-26,4793.0,2573042.0,1136328.0
245,2010-03-29,4810.0,1763838.0,1157194.0
246,2010-03-30,4761.0,1950698.0,1182328.0
247,2010-03-31,4755.0,1408260.0,1114870.0
248,2010-04-01,4753.0,1429706.0,1105836.0
249,2010-04-02,4786.0,1031424.0,1080974.0
250,2010-04-06,4824.0,1307376.0,1084112.0
251,2010-04-07,4846.0,1288222.0,1181006.0
252,2010-04-08,4810.0,1165992.0,1224320.0
253,2010-04-09,4848.0,1302658.0,1232048.0
254,2010-04-12,4872.0,1533734.0,1251714.0
255,2010-04-13,4881.0,1749724.0,1282594.0
256,2010-04-14,4854.0,1743728.0,1408238.0
257,2010-04-15,4819.0,1949828.0,1433440.0
258,2010-04-16,4838.0,1656806.0,1434070.0
259,2010-04-19,4752.0,2397786.0,1284178.0
260,2010-04-20,4772.0,1686264.0,1303964.0
261,2010-04-21,4759.0,1698588.0,1315284.0
262,2010-04-22,4734.0,1372024.0,1370598.0
263,2010-04-23,4740.0,1211784.0,1334926.0
264,2010-04-26,4734.0,1249174.0,1354608.0
265,2010-04-27,4678.0,1613854.0,1268344.0
266,2010-04-28,4588.0,1844532.0,1244012.0
267,2010-04-29,4583.0,1839246.0,1268800.0
268,2010-04-30,4635.0,1755184.0,1170234.0
269,2010-05-04,4665.0,2101884.0,1186942.0
270,2010-05-05,4653.0,2260862.0,1273452.0
271,2010-05-06,4637.0,2128592.0,1234420.0
272,2010-05-07,4545.0,2467400.0,1164612.0
273,2010-05-10,4534.0,2868580.0,1248212.0
274,2010-05-11,4479.0,2786906.0,1212108.0
275,2010-05-12,4406.0,3290276.0,1241468.0
276,2010-05-13,4400.0,3072762.0,1297804.0
277,2010-05-14,4367.0,2932552.0,1269804.0
278,2010-05-17,4186.0,3300006.0,1042606.0
279,2010-05-18,4209.0,4119684.0,1041862.0
280,2010-05-19,4223.0,3850530.0,1023638.0
281,2010-05-20,4251.0,3534040.0,1111734.0
282,2010-05-21,4228.0,3508858.0,1110908.0
283,2010-05-24,4318.0,2764508.0,1175894.0
284,2010-05-25,4264.0,3080458.0,1093622.0
285,2010-05-26,4272.0,2833618.0,1170856.0
286,2010-05-27,4270.0,3119880.0,1225088.0
287,2010-05-28,4256.0,2863524.0,1199618.0
288,2010-05-31,4215.0,2445792.0,1216832.0
289,2010-06-01,4178.0,2637978.0,1194980.0
290,2010-06-02,4185.0,3162462.0,1199922.0
291,2010-06-03,4200.0,2346362.0,1187648.0
292,2010-06-04,4180.0,1565600.0,1130706.0
293,2010-06-07,4021.0,3841098.0,1189516.0
294,2010-06-08,4061.0,1724628.0,1108706.0
295,2010-06-09,4103.0,1783182.0,1064854.0
296,2010-06-10,4082.0,1456194.0,994730.0
297,2010-06-11,4111.0,1156696.0,904970.0
298,2010-06-17,4112.0,1009838.0,979222.0
299,2010-06-18,4088.0,1199582.0,1048366.0
300,2010-06-21,4163.0,2300688.0,1077552.0
301,2010-06-22,4138.0,1298120.0,1073596.0
302,2010-06-23,4080.0,2372220.0,1022420.0
303,2010-06-24,4101.0,1308862.0,984610.0
304,2010-06-25,4084.0,1070706.0,966066.0
305,2010-06-28,4039.0,2150916.0,978348.0
306,2010-06-29,3994.0,1921912.0,926822.0
307,2010-06-30,3985.0,1170668.0,841566.0
308,2010-07-01,3960.0,1226144.0,850456.0
309,2010-07-02,3975.0,1924718.0,827466.0
310,2010-07-05,3989.0,1474782.0,860436.0
311,2010-07-06,3964.0,1352474.0,864992.0
312,2010-07-07,3965.0,914838.0,852552.0
313,2010-07-08,3935.0,1464000.0,980932.0
314,2010-07-09,3950.0,1754442.0,909114.0
315,2010-07-12,3943.0,1167004.0,844098.0
316,2010-07-13,3917.0,788188.0,768088.0
317,2010-07-14,3906.0,613036.0,713666.0
318,2010-07-15,3909.0,397954.0,647852.0
319,2010-07-16,4066.0,959706.0,679620.0
320,2010-07-19,4135.0,2277276.0,830550.0
321,2010-07-20,4187.0,2555240.0,864878.0
322,2010-07-21,4177.0,2335760.0,866754.0
323,2010-07-22,4173.0,1789848.0,913076.0
324,2010-07-23,4223.0,2843082.0,1034370.0
325,2010-07-26,4215.0,1946230.0,1069838.0
326,2010-07-27,4155.0,1954296.0,1102482.0
327,2010-07-28,4220.0,2041104.0,1259150.0
328,2010-07-29,4216.0,2417326.0,1233180.0
329,2010-07-30,4285.0,3301522.0,1203746.0
330,2010-08-02,4327.0,2677346.0,1258936.0
331,2010-08-03,4298.0,2552662.0,1232048.0
332,2010-08-04,4324.0,2686216.0,1264022.0
333,2010-08-05,4302.0,2847134.0,1255884.0
334,2010-08-06,4317.0,2006040.0,1233682.0
335,2010-08-09,4379.0,2477098.0,1341754.0
336,2010-08-10,4357.0,2026632.0,1271876.0
337,2010-08-11,4361.0,3105900.0,1331284.0
338,2010-08-12,4301.0,2221398.0,1317378.0
339,2010-08-13,4334.0,2033386.0,1351294.0
340,2010-08-16,4361.0,1985172.0,1366418.0
341,2010-08-17,4367.0,2247598.0,1280464.0
342,2010-08-18,4361.0,1856012.0,1216194.0
343,2010-08-19,4365.0,1708774.0,1213606.0
344,2010-08-20,4311.0,1710370.0,1178686.0
345,2010-08-23,4261.0,2087788.0,1185450.0
346,2010-08-24,4238.0,1999438.0,1131506.0
347,2010-08-25,4225.0,1604320.0,1137160.0
348,2010-08-26,4257.0,1313978.0,1133676.0
349,2010-08-27,4268.0,1229674.0,1119014.0
350,2010-08-30,4333.0,2095560.0,1162306.0
351,2010-08-31,4312.0,2163030.0,1113860.0
352,2010-09-01,4352.0,2424564.0,1098080.0
353,2010-09-02,4386.0,1718938.0,1105294.0
354,2010-09-03,4365.0,1469524.0,1087286.0
355,2010-09-06,4584.0,2910994.0,1221910.0
356,2010-09-07,4568.0,2476508.0,1189394.0
357,2010-09-08,4538.0,1885662.0,1217574.0
358,2010-09-09,4439.0,2771568.0,1092142.0
359,2010-09-10,4494.0,2418896.0,1197244.0
360,2010-09-13,4481.0,2154444.0,1151560.0
361,2010-09-14,4418.0,2420840.0,1159224.0
362,2010-09-15,4417.0,2034404.0,1110354.0
363,2010-09-16,4366.0,2315300.0,1090372.0
364,2010-09-17,4359.0,1860220.0,1081302.0
365,2010-09-20,4378.0,2509684.0,1048714.0
366,2010-09-21,4317.0,1475212.0,880984.0
367,2010-09-27,4258.0,1525280.0,906172.0
368,2010-09-28,4251.0,1256640.0,844016.0
369,2010-09-29,4240.0,1267204.0,781670.0
370,2010-09-30,4263.0,1146126.0,751058.0
371,2010-10-08,4279.0,801136.0,737044.0
372,2010-10-11,4341.0,1108146.0,779330.0
373,2010-10-12,4304.0,564110.0,697770.0
374,2010-10-13,4324.0,410494.0,601846.0
375,2010-10-14,4474.0,1792046.0,882978.0
376,2010-10-15,4498.0,1753840.0,912814.0
377,2010-10-18,4520.0,2626080.0,1041522.0
378,2010-10-19,4488.0,2125438.0,973342.0
379,2010-10-20,4421.0,1837350.0,893744.0
380,2010-10-21,4427.0,1943500.0,921992.0
381,2010-10-22,4413.0,1104678.0,863446.0
382,2010-10-25,4510.0,2565054.0,1076484.0
383,2010-10-26,4477.0,2136466.0,1005426.0
384,2010-10-27,4486.0,3459542.0,1014438.0
385,2010-10-28,4504.0,1680382.0,1008602.0
386,2010-10-29,4505.0,1531558.0,941652.0
387,2010-11-01,4553.0,1697620.0,1100574.0
388,2010-11-02,4542.0,1159876.0,1007590.0
389,2010-11-03,4551.0,1720450.0,1002842.0
390,2010-11-04,4606.0,1534004.0,1216284.0
391,2010-11-05,4708.0,2644480.0,1190582.0
392,2010-11-08,4709.0,1628332.0,1125614.0
393,2010-11-09,4854.0,2925024.0,1202140.0
394,2010-11-10,4770.0,2664716.0,1026544.0
395,2010-11-11,4793.0,2438760.0,1046018.0
396,2010-11-12,4637.0,4421772.0,879838.0
397,2010-11-15,4667.0,2758176.0,871004.0
398,2010-11-16,4646.0,1799372.0,849250.0
399,2010-11-17,4550.0,2693604.0,772888.0
400,2010-11-18,4611.0,1649710.0,747278.0
401,2010-11-19,4643.0,1853112.0,694868.0
402,2010-11-22,4644.0,1375458.0,707436.0
403,2010-11-23,4607.0,1595554.0,690430.0
404,2010-11-24,4695.0,1586012.0,788806.0
405,2010-11-25,4683.0,1677462.0,758480.0
406,2010-11-26,4650.0,1482902.0,713490.0
407,2010-11-29,4668.0,921840.0,699648.0
408,2010-11-30,4634.0,945702.0,635964.0
409,2010-12-01,4678.0,777228.0,635332.0
410,2010-12-02,4685.0,786242.0,641072.0
411,2010-12-03,4728.0,1185750.0,724502.0
412,2010-12-06,4719.0,675060.0,695742.0
413,2010-12-07,4760.0,873766.0,751160.0
414,2010-12-08,4712.0,631582.0,678242.0
415,2010-12-09,4715.0,599348.0,639992.0
416,2010-12-10,4727.0,488184.0,630880.0
417,2010-12-13,4779.0,699028.0,644824.0
418,2010-12-14,4782.0,441076.0,631422.0
419,2010-12-15,4772.0,756702.0,634042.0
420,2010-12-16,4767.0,389226.0,625876.0
421,2010-12-17,4791.0,406692.0,625434.0
422,2010-12-20,4801.0,574278.0,629708.0
423,2010-12-21,4822.0,482152.0,686696.0
424,2010-12-22,4794.0,463988.0,636140.0
425,2010-12-23,4774.0,387802.0,632388.0
426,2010-12-24,4762.0,377644.0,621460.0
427,2010-12-27,4734.0,407238.0,615062.0
428,2010-12-28,4744.0,261366.0,598940.0
429,2010-12-29,4770.0,496128.0,608974.0
430,2010-12-30,4791.0,322462.0,574712.0
431,2010-12-31,4812.0,279364.0,568186.0
432,2011-01-04,4822.0,275428.0,576934.0
433,2011-01-05,4793.0,214902.0,561420.0
434,2011-01-06,4809.0,186136.0,557852.0
435,2011-01-07,4793.0,369032.0,553694.0
436,2011-01-10,4834.0,436038.0,549690.0
437,2011-01-11,4843.0,183264.0,535096.0
438,2011-01-12,4847.0,223236.0,543014.0
439,2011-01-13,4861.0,168582.0,528286.0
440,2011-01-14,4903.0,354032.0,544148.0
441,2011-01-17,4919.0,252814.0,531762.0
442,2011-01-18,4913.0,208070.0,518064.0
443,2011-01-19,4931.0,179098.0,500434.0
444,2011-01-20,4918.0,143046.0,486856.0
445,2011-01-21,4950.0,236038.0,476296.0
446,2011-01-24,4965.0,163504.0,462662.0
447,2011-01-25,4967.0,111670.0,454316.0
448,2011-01-26,4949.0,105288.0,441722.0
449,2011-01-27,4930.0,167810.0,405718.0
450,2011-01-28,4936.0,50848.0,386380.0
451,2011-01-31,4996.0,80326.0,357876.0
452,2011-02-01,5022.0,57202.0,342150.0
453,2011-02-09,5124.0,166064.0,378720.0
454,2011-02-10,5188.0,396576.0,501100.0
455,2011-02-11,5167.0,466606.0,480486.0
456,2011-02-14,5153.0,274470.0,489438.0
457,2011-02-15,5157.0,304650.0,495618.0
458,2011-02-16,5102.0,543684.0,497640.0
459,2011-02-17,5018.0,720920.0,521872.0
460,2011-02-18,4985.0,525722.0,548366.0
461,2011-02-21,5026.0,557856.0,587800.0
462,2011-02-22,5000.0,666140.0,597838.0
463,2011-02-23,4940.0,482982.0,629114.0
464,2011-02-24,4892.0,616964.0,682908.0
465,2011-02-25,4869.0,565278.0,678728.0
466,2011-02-28,4899.0,434022.0,651826.0
467,2011-03-01,4837.0,731978.0,708380.0
468,2011-03-02,4847.0,562724.0,693768.0
469,2011-03-03,4813.0,751100.0,761310.0
470,2011-03-04,4816.0,651168.0,743146.0
471,2011-03-07,4832.0,631320.0,770410.0
472,2011-03-08,4773.0,984616.0,781120.0
473,2011-03-09,4771.0,489862.0,781434.0
474,2011-03-10,4679.0,676322.0,823608.0
475,2011-03-11,4656.0,661172.0,797976.0
476,2011-03-14,4733.0,1037316.0,798722.0
477,2011-03-15,4774.0,1033572.0,772908.0
478,2011-03-16,4832.0,978500.0,734950.0
479,2011-03-17,4817.0,907000.0,718996.0
480,2011-03-18,4756.0,1146010.0,797818.0
481,2011-03-21,4653.0,1023590.0,822988.0
482,2011-03-22,4648.0,1033140.0,818008.0
483,2011-03-23,4728.0,1126490.0,791080.0
484,2011-03-24,4717.0,1152720.0,797750.0
485,2011-03-25,4730.0,795444.0,762456.0
486,2011-03-28,4779.0,1028210.0,715432.0
487,2011-03-29,4814.0,1028516.0,724372.0
488,2011-03-30,4794.0,938002.0,728002.0
489,2011-03-31,4794.0,771454.0,690710.0
490,2011-04-01,4780.0,608806.0,634050.0
491,2011-04-06,4874.0,864992.0,706736.0
492,2011-04-07,4884.0,689870.0,680536.0
493,2011-04-08,4906.0,663624.0,662366.0
494,2011-04-11,4920.0,782902.0,690536.0
495,2011-04-12,4903.0,722554.0,672600.0
496,2011-04-13,4922.0,790810.0,745686.0
497,2011-04-14,4907.0,753410.0,727450.0
498,2011-04-15,4827.0,1084022.0,738936.0
499,2011-04-18,4844.0,684450.0,715936.0
500,2011-04-19,4774.0,819568.0,682002.0
501,2011-04-20,4814.0,515118.0,664864.0
502,2011-04-21,4849.0,621160.0,648452.0
503,2011-04-22,4873.0,616360.0,633202.0
504,2011-04-25,4879.0,445524.0,645296.0
505,2011-04-26,4896.0,822422.0,684212.0
506,2011-04-27,4885.0,720386.0,705452.0
507,2011-04-28,4906.0,725214.0,687486.0
508,2011-04-29,4915.0,677640.0,690702.0
509,2011-05-03,4953.0,615802.0,762378.0
510,2011-05-04,4941.0,780342.0,790724.0
511,2011-05-05,4913.0,1149526.0,862822.0
512,2011-05-06,4804.0,1210132.0,829936.0
513,2011-05-09,4829.0,791070.0,813590.0
514,2011-05-10,4848.0,669430.0,785918.0
515,2011-05-11,4822.0,760998.0,802496.0
516,2011-05-12,4782.0,908112.0,835010.0
517,2011-05-13,4850.0,750692.0,772270.0
518,2011-05-16,4818.0,625414.0,755132.0
519,2011-05-17,4823.0,704750.0,713876.0
520,2011-05-18,4814.0,603848.0,725590.0
521,2011-05-19,4830.0,632336.0,703244.0
522,2011-05-20,4825.0,475234.0,669742.0
523,2011-05-23,4779.0,890966.0,812312.0
524,2011-05-24,4808.0,566942.0,755734.0
525,2011-05-25,4823.0,654382.0,634160.0
526,2011-05-26,4828.0,412936.0,628180.0
527,2011-05-27,4837.0,313608.0,611938.0
528,2011-05-30,4874.0,539472.0,651092.0
529,2011-05-31,4875.0,394798.0,640362.0
530,2011-06-01,4866.0,274402.0,633092.0
531,2011-06-02,4861.0,336312.0,605980.0
532,2011-06-03,4867.0,279022.0,617294.0
533,2011-06-07,4864.0,231614.0,607166.0
534,2011-06-08,4869.0,601300.0,608688.0
535,2011-06-09,4849.0,249354.0,604638.0
536,2011-06-10,4853.0,277644.0,615044.0
537,2011-06-13,4807.0,564454.0,674334.0
538,2011-06-14,4812.0,354396.0,655490.0
539,2011-06-15,4796.0,379038.0,688972.0
540,2011-06-16,4781.0,425240.0,715990.0
541,2011-06-17,4731.0,652846.0,750336.0
542,2011-06-20,4688.0,592942.0,791518.0
543,2011-06-21,4713.0,707462.0,759378.0
544,2011-06-22,4694.0,475884.0,749732.0
545,2011-06-23,4734.0,741634.0,783322.0
546,2011-06-24,4731.0,463758.0,738568.0
547,2011-06-27,4704.0,523074.0,733238.0
548,2011-06-28,4706.0,429408.0,738172.0
549,2011-06-29,4726.0,403054.0,713514.0
550,2011-06-30,4753.0,397386.0,688972.0
551,2011-07-01,4726.0,324670.0,675094.0
552,2011-07-04,4792.0,593074.0,682496.0
553,2011-07-05,4788.0,360500.0,669242.0
554,2011-07-06,4812.0,443732.0,701412.0
555,2011-07-07,4808.0,271504.0,699160.0
556,2011-07-08,4808.0,246078.0,678188.0
557,2011-07-11,4852.0,479844.0,703610.0
558,2011-07-12,4851.0,451366.0,669086.0
559,2011-07-13,4887.0,368078.0,669560.0
560,2011-07-14,4872.0,249828.0,669200.0
561,2011-07-15,4871.0,242850.0,658814.0
562,2011-07-18,4902.0,321730.0,653022.0
563,2011-07-19,4915.0,260458.0,646072.0
564,2011-07-20,4920.0,214792.0,595900.0
565,2011-07-21,4913.0,135100.0,579714.0
566,2011-07-22,4925.0,128804.0,562896.0
567,2011-07-25,4878.0,235244.0,536858.0
568,2011-07-26,4898.0,142480.0,511682.0
569,2011-07-27,4917.0,129560.0,463392.0
570,2011-07-28,4934.0,130958.0,438050.0
571,2011-07-29,4929.0,76998.0,428138.0
572,2011-08-01,4975.0,151324.0,417968.0
573,2011-08-02,4983.0,81716.0,404138.0
574,2011-08-03,4987.0,110882.0,379610.0
575,2011-08-04,4980.0,62082.0,355810.0
576,2011-08-05,4807.0,451590.0,345060.0
577,2011-08-08,4782.0,442792.0,331082.0
578,2011-08-09,4765.0,714626.0,330744.0
579,2011-08-10,4790.0,315144.0,338218.0
580,2011-08-11,4799.0,405052.0,350220.0
581,2011-08-12,4809.0,265628.0,345042.0
582,2011-08-15,4854.0,292272.0,342508.0
583,2011-08-16,4833.0,355402.0,367796.0
584,2011-08-17,4863.0,277946.0,345084.0
585,2011-08-18,4830.0,312972.0,361206.0
586,2011-08-19,4814.0,289870.0,366976.0
587,2011-08-22,4816.0,257766.0,345502.0
588,2011-08-23,4821.0,236868.0,350814.0
589,2011-08-24,4822.0,167130.0,347002.0
590,2011-08-25,4816.0,341162.0,371032.0
591,2011-08-26,4800.0,272536.0,374306.0
592,2011-08-29,4768.0,420624.0,450478.0
593,2011-08-30,4810.0,410528.0,387580.0
594,2011-08-31,4831.0,273296.0,352384.0
595,2011-09-01,4829.0,220308.0,350956.0
596,2011-09-02,4832.0,194100.0,351100.0
597,2011-09-05,4800.0,316342.0,353730.0
598,2011-09-06,4794.0,291110.0,379026.0
599,2011-09-07,4825.0,233728.0,335348.0
600,2011-09-08,4803.0,173872.0,328512.0
601,2011-09-09,4791.0,302432.0,372096.0
602,2011-09-13,4783.0,251742.0,373752.0
603,2011-09-14,4760.0,365870.0,403682.0
604,2011-09-15,4744.0,318196.0,443436.0
605,2011-09-16,4732.0,326688.0,462024.0
606,2011-09-19,4622.0,560730.0,576692.0
607,2011-09-20,4611.0,458478.0,587802.0
608,2011-09-21,4633.0,514054.0,555024.0
609,2011-09-22,4568.0,479962.0,576086.0
610,2011-09-23,4514.0,787892.0,529596.0
611,2011-09-26,4398.0,767490.0,551898.0
612,2011-09-27,4448.0,684634.0,501436.0
613,2011-09-28,4403.0,567204.0,510834.0
614,2011-09-29,4298.0,588950.0,492928.0
615,2011-09-30,4339.0,575992.0,490908.0
616,2011-10-10,4317.0,365708.0,506172.0
617,2011-10-11,4322.0,649940.0,523834.0
618,2011-10-12,4350.0,755110.0,512508.0
619,2011-10-13,4318.0,580694.0,539522.0
620,2011-10-14,4314.0,644312.0,546878.0
621,2011-10-17,4178.0,1498592.0,761038.0
622,2011-10-18,4089.0,1387200.0,668088.0
623,2011-10-19,4047.0,1508846.0,687726.0
624,2011-10-20,3922.0,2327782.0,667820.0
625,2011-10-21,3957.0,1442362.0,639122.0
626,2011-10-24,4066.0,1527180.0,590576.0
627,2011-10-25,4021.0,2134430.0,637882.0
628,2011-10-26,4039.0,1412636.0,579486.0
629,2011-10-27,4040.0,876566.0,555452.0
630,2011-10-28,4123.0,1811052.0,582662.0
631,2011-10-31,4123.0,1214182.0,564216.0
632,2011-11-01,4055.0,1146696.0,543542.0
633,2011-11-02,4065.0,896308.0,443858.0
634,2011-11-03,4006.0,1123376.0,610550.0
635,2011-11-04,4121.0,1263124.0,557462.0
636,2011-11-07,4106.0,1012902.0,558058.0
637,2011-11-08,4141.0,990748.0,588526.0
638,2011-11-09,4161.0,1116592.0,643116.0
639,2011-11-10,4050.0,1368526.0,671870.0
640,2011-11-11,4149.0,1183642.0,623586.0
641,2011-11-14,4189.0,1131236.0,634106.0
642,2011-11-15,4157.0,822576.0,663378.0
643,2011-11-16,4134.0,961878.0,697734.0
644,2011-11-17,4178.0,830074.0,646612.0
645,2011-11-18,4154.0,751194.0,631848.0
646,2011-11-21,4086.0,1401414.0,788422.0
647,2011-11-22,4089.0,909468.0,766244.0
648,2011-11-23,4039.0,884400.0,821198.0
649,2011-11-24,4073.0,1285402.0,794762.0
650,2011-11-25,4045.0,803530.0,798492.0
651,2011-11-28,4084.0,849788.0,781192.0
652,2011-11-29,4125.0,1079002.0,704976.0
653,2011-11-30,4075.0,995530.0,727588.0
654,2011-12-01,4174.0,1022786.0,696346.0
655,2011-12-02,4163.0,746252.0,677270.0
656,2011-12-05,4164.0,554640.0,677940.0
657,2011-12-06,4160.0,659802.0,700240.0
658,2011-12-07,4182.0,505738.0,675364.0
659,2011-12-08,4176.0,544826.0,646684.0
660,2011-12-09,4169.0,503062.0,658106.0
661,2011-12-12,4168.0,573072.0,666992.0
662,2011-12-13,4151.0,608374.0,679584.0
663,2011-12-14,4153.0,455048.0,686318.0
664,2011-12-15,4124.0,686992.0,702476.0
665,2011-12-16,4189.0,798444.0,706494.0
666,2011-12-19,4170.0,658816.0,684474.0
667,2011-12-20,4174.0,493206.0,698906.0
668,2011-12-21,4181.0,557858.0,694326.0
669,2011-12-22,4206.0,553946.0,698516.0
670,2011-12-23,4226.0,730982.0,682206.0
671,2011-12-26,4226.0,613024.0,655242.0
672,2011-12-27,4235.0,456354.0,655136.0
673,2011-12-28,4236.0,515666.0,630046.0
674,2011-12-29,4201.0,498938.0,621264.0
675,2011-12-30,4210.0,658394.0,615478.0
676,2012-01-04,4159.0,750376.0,700316.0
677,2012-01-05,4178.0,675912.0,706862.0
678,2012-01-06,4196.0,520198.0,663620.0
679,2012-01-09,4185.0,573424.0,680172.0
680,2012-01-10,4215.0,479106.0,654236.0
681,2012-01-11,4224.0,419336.0,642846.0
682,2012-01-12,4223.0,327884.0,623656.0
683,2012-01-13,4229.0,345620.0,615220.0
684,2012-01-16,4240.0,386556.0,566390.0
685,2012-01-17,4295.0,611252.0,524682.0
686,2012-01-18,4301.0,442328.0,504012.0
687,2012-01-19,4310.0,219488.0,463212.0
688,2012-01-20,4323.0,292970.0,435502.0
689,2012-01-30,4320.0,243356.0,465236.0
690,2012-01-31,4297.0,410132.0,507670.0
691,2012-02-01,4285.0,299214.0,508090.0
692,2012-02-02,4318.0,349826.0,544700.0
693,2012-02-03,4332.0,260168.0,527582.0
694,2012-02-06,4330.0,323560.0,525090.0
695,2012-02-07,4274.0,629716.0,576332.0
696,2012-02-08,4337.0,648606.0,560084.0
697,2012-02-09,4297.0,584068.0,536830.0
698,2012-02-10,4286.0,530728.0,582990.0
699,2012-02-13,4261.0,563756.0,611924.0
700,2012-02-14,4252.0,348404.0,627824.0
701,2012-02-15,4189.0,941858.0,744456.0
702,2012-02-16,4169.0,810224.0,727332.0
703,2012-02-17,4157.0,669080.0,715732.0
704,2012-02-20,4178.0,482652.0,717338.0
705,2012-02-21,4228.0,785570.0,644934.0
706,2012-02-22,4251.0,570998.0,575884.0
707,2012-02-23,4237.0,410754.0,548332.0
708,2012-02-24,4234.0,355322.0,548120.0
709,2012-02-27,4278.0,376758.0,507470.0
710,2012-02-28,4295.0,255536.0,473012.0
711,2012-02-29,4300.0,176002.0,438012.0
712,2012-03-01,4277.0,140788.0,401742.0
713,2012-03-02,4299.0,456356.0,465446.0
714,2012-03-05,4267.0,669090.0,551168.0
715,2012-03-06,4268.0,536342.0,539444.0
716,2012-03-07,4253.0,484642.0,564836.0
717,2012-03-08,4281.0,563258.0,569716.0
718,2012-03-09,4319.0,612186.0,577316.0
719,2012-03-12,4335.0,468382.0,576982.0
720,2012-03-13,4341.0,392306.0,593444.0
721,2012-03-14,4325.0,676324.0,616210.0
722,2012-03-15,4337.0,528178.0,612814.0
723,2012-03-16,4335.0,517400.0,621602.0
724,2012-03-19,4343.0,432844.0,636916.0
725,2012-03-20,4333.0,452686.0,623888.0
726,2012-03-21,4358.0,588074.0,667340.0
727,2012-03-22,4355.0,659168.0,674628.0
728,2012-03-23,4347.0,422408.0,680868.0
729,2012-03-26,4354.0,372336.0,678352.0
730,2012-03-27,4367.0,407734.0,671392.0
731,2012-03-28,4345.0,451900.0,674062.0
732,2012-03-29,4320.0,540574.0,672526.0
733,2012-03-30,4324.0,345926.0,633168.0
734,2012-04-05,4354.0,605464.0,625232.0
735,2012-04-06,4385.0,549764.0,661546.0
736,2012-04-09,4379.0,574556.0,683320.0
737,2012-04-10,4384.0,394568.0,689470.0
738,2012-04-11,4377.0,523552.0,693124.0
739,2012-04-12,4392.0,462932.0,706234.0
740,2012-04-13,4377.0,621482.0,724314.0
741,2012-04-16,4329.0,594708.0,741412.0
742,2012-04-17,4322.0,476884.0,797950.0
743,2012-04-18,4342.0,564466.0,772084.0
744,2012-04-19,4315.0,605156.0,806406.0
745,2012-04-20,4313.0,586164.0,777478.0
746,2012-04-23,4281.0,665438.0,824890.0
747,2012-04-24,4270.0,527752.0,837318.0
748,2012-04-25,4274.0,558496.0,843210.0
749,2012-04-26,4290.0,418862.0,815718.0
750,2012-04-27,4269.0,353310.0,822962.0
751,2012-05-02,4245.0,519396.0,887738.0
752,2012-05-03,4239.0,533682.0,919550.0
753,2012-05-04,4256.0,418102.0,889260.0
754,2012-05-07,4221.0,407846.0,898932.0
755,2012-05-08,4213.0,371850.0,911356.0
756,2012-05-09,4186.0,580940.0,899800.0
757,2012-05-10,4190.0,332824.0,894218.0
758,2012-05-11,4150.0,492612.0,861212.0
759,2012-05-14,4135.0,745890.0,947592.0
760,2012-05-15,4090.0,924586.0,925666.0
761,2012-05-16,4050.0,607326.0,937712.0
762,2012-05-17,4092.0,638094.0,852884.0
763,2012-05-18,4074.0,686552.0,851364.0
764,2012-05-21,4090.0,606156.0,837528.0
765,2012-05-22,4074.0,809816.0,879042.0
766,2012-05-23,4019.0,1042850.0,931882.0
767,2012-05-24,4026.0,655206.0,921992.0
768,2012-05-25,4037.0,524750.0,892400.0
769,2012-05-28,4089.0,963548.0,865698.0
770,2012-05-29,4115.0,1030062.0,833710.0
771,2012-05-30,4100.0,953146.0,813640.0
772,2012-05-31,4103.0,973950.0,807896.0
773,2012-06-01,4095.0,944006.0,830054.0
774,2012-06-04,4033.0,1231588.0,860760.0
775,2012-06-05,4084.0,972224.0,733542.0
776,2012-06-06,4096.0,885018.0,724412.0
777,2012-06-07,4102.0,778964.0,706388.0
778,2012-06-08,4108.0,1191296.0,739728.0
779,2012-06-11,4123.0,741206.0,725218.0
780,2012-06-12,4100.0,712798.0,720776.0
781,2012-06-13,4102.0,533996.0,702018.0
782,2012-06-14,4110.0,481418.0,671926.0
783,2012-06-15,4122.0,409160.0,642464.0
784,2012-06-18,4129.0,364904.0,666680.0
785,2012-06-19,4126.0,256138.0,635290.0
786,2012-06-20,4143.0,483222.0,636454.0
787,2012-06-21,4118.0,379938.0,585392.0
788,2012-06-25,4107.0,463042.0,604280.0
789,2012-06-26,4076.0,617964.0,713346.0
790,2012-06-27,4063.0,484836.0,768006.0
791,2012-06-28,4085.0,379936.0,713198.0
792,2012-06-29,4068.0,843166.0,676846.0
793,2012-07-02,4044.0,854094.0,751256.0
794,2012-07-03,4078.0,653576.0,658896.0
795,2012-07-04,4089.0,640286.0,651698.0
796,2012-07-05,4094.0,450050.0,642628.0
797,2012-07-06,4089.0,283642.0,627244.0
798,2012-07-09,4050.0,425282.0,623452.0
799,2012-07-10,3995.0,555058.0,575580.0
800,2012-07-11,3928.0,884786.0,680042.0
801,2012-07-12,3919.0,736684.0,713406.0
802,2012-07-13,3941.0,630962.0,675720.0
803,2012-07-16,3889.0,986768.0,825206.0
804,2012-07-17,3861.0,752682.0,837088.0
805,2012-07-18,3864.0,835022.0,822178.0
806,2012-07-19,3825.0,968184.0,886826.0
807,2012-07-20,3750.0,1159334.0,991670.0
808,2012-07-23,3694.0,1227760.0,899612.0
809,2012-07-24,3709.0,1260600.0,967980.0
810,2012-07-25,3703.0,1405498.0,933194.0
811,2012-07-26,3719.0,989854.0,925746.0
812,2012-07-27,3762.0,1037448.0,925732.0
813,2012-07-30,3757.0,1012648.0,944776.0
814,2012-07-31,3772.0,821244.0,916736.0
815,2012-08-01,3703.0,1678160.0,1031552.0
816,2012-08-02,3670.0,1234526.0,1070120.0
817,2012-08-03,3672.0,1244096.0,1046092.0
818,2012-08-06,3682.0,1390930.0,1110756.0
819,2012-08-07,3687.0,732526.0,1110332.0
820,2012-08-08,3667.0,765114.0,1138444.0
821,2012-08-09,3691.0,767376.0,1116080.0
822,2012-08-10,3721.0,1400090.0,1108132.0
823,2012-08-13,3683.0,1078680.0,1128142.0
824,2012-08-14,3666.0,1374224.0,1104328.0
825,2012-08-15,3669.0,1266004.0,1125980.0
826,2012-08-16,3659.0,728748.0,1169666.0
827,2012-08-17,3626.0,1588862.0,1316468.0
828,2012-08-20,3607.0,1009572.0,1329060.0
829,2012-08-21,3591.0,1006330.0,1331784.0
830,2012-08-22,3557.0,1195010.0,1366848.0
831,2012-08-23,3542.0,1742896.0,1412890.0
832,2012-08-24,3509.0,1144222.0,1407854.0
833,2012-08-27,3513.0,1389552.0,1404416.0
834,2012-08-28,3455.0,1588554.0,1503702.0
835,2012-08-29,3443.0,4248630.0,1414494.0
836,2012-08-30,3437.0,3642486.0,1501790.0
837,2012-08-31,3411.0,1434984.0,1483790.0
838,2012-09-03,3351.0,2325202.0,1570730.0
839,2012-09-04,3282.0,3096626.0,1624078.0
840,2012-09-05,3228.0,3465662.0,1730492.0
841,2012-09-06,3271.0,4560416.0,1694804.0
842,2012-09-07,3406.0,5904994.0,1364242.0
843,2012-09-10,3497.0,6013514.0,1379270.0
844,2012-09-11,3461.0,5094204.0,1310058.0
845,2012-09-12,3457.0,5648582.0,1339758.0
846,2012-09-13,3455.0,3291088.0,1247188.0
847,2012-09-14,3561.0,3939892.0,1216626.0
848,2012-09-17,3554.0,4057076.0,1315204.0
849,2012-09-18,3582.0,3381252.0,1246998.0
850,2012-09-19,3638.0,3454768.0,1369624.0
851,2012-09-20,3483.0,5945784.0,1489836.0
852,2012-09-21,3477.0,5590522.0,1432492.0
853,2012-09-24,3543.0,4451502.0,1314338.0
854,2012-09-25,3547.0,4346548.0,1235604.0
855,2012-09-26,3527.0,3972964.0,1110218.0
856,2012-09-27,3568.0,2635030.0,974894.0
857,2012-09-28,3597.0,1570792.0,875432.0
858,2012-10-08,3656.0,2233666.0,927702.0
859,2012-10-09,3667.0,2280276.0,972650.0
860,2012-10-10,3682.0,2433162.0,1034882.0
861,2012-10-11,3634.0,2350360.0,1063166.0
862,2012-10-12,3639.0,1924836.0,1010092.0
863,2012-10-15,3582.0,1898218.0,983264.0
864,2012-10-16,3611.0,1401176.0,898022.0
865,2012-10-17,3638.0,1319502.0,879232.0
866,2012-10-18,3646.0,735628.0,859442.0
867,2012-10-19,3644.0,682734.0,779378.0
868,2012-10-22,3679.0,578494.0,723570.0
869,2012-10-23,3660.0,3274936.0,807508.0
870,2012-10-24,3684.0,2505778.0,817404.0
871,2012-10-25,3679.0,2395024.0,863754.0
872,2012-10-26,3683.0,2704280.0,834678.0
873,2012-10-29,3619.0,2832374.0,1001290.0
874,2012-10-30,3628.0,1686068.0,969376.0
875,2012-10-31,3634.0,2547820.0,977100.0
876,2012-11-01,3679.0,2278022.0,949778.0
877,2012-11-02,3676.0,2174920.0,947470.0
878,2012-11-05,3641.0,2523272.0,991722.0
879,2012-11-06,3642.0,1975530.0,998532.0
880,2012-11-07,3634.0,2034904.0,1075158.0
881,2012-11-08,3627.0,1699292.0,1059268.0
882,2012-11-09,3640.0,2328602.0,1070130.0
883,2012-11-12,3666.0,2321464.0,1085660.0
884,2012-11-13,3649.0,1684364.0,1060402.0
885,2012-11-14,3642.0,1462954.0,1052238.0
886,2012-11-15,3644.0,1467342.0,1057280.0
887,2012-11-16,3643.0,1045096.0,1002998.0
888,2012-11-19,3544.0,3246954.0,1409880.0
889,2012-11-20,3552.0,1898612.0,1344640.0
890,2012-11-21,3570.0,1448990.0,1254238.0
891,2012-11-22,3564.0,2306830.0,1259764.0
892,2012-11-23,3571.0,1350758.0,1194220.0
893,2012-11-26,3553.0,1309970.0,1214056.0
894,2012-11-27,3537.0,2012380.0,1255278.0
895,2012-11-28,3525.0,1196026.0,1279238.0
896,2012-11-29,3468.0,2321780.0,1448140.0
897,2012-11-30,3495.0,2288480.0,1352618.0
898,2012-12-03,3551.0,2248004.0,1257752.0
899,2012-12-04,3562.0,1566298.0,1226182.0
900,2012-12-05,3619.0,2635092.0,1240148.0
901,2012-12-06,3595.0,2215104.0,1244484.0
902,2012-12-07,3656.0,2735394.0,1361540.0
903,2012-12-10,3679.0,2309468.0,1332976.0
904,2012-12-11,3664.0,2102290.0,1344042.0
905,2012-12-12,3691.0,2896950.0,1477650.0
906,2012-12-13,3684.0,2130976.0,1423328.0
907,2012-12-14,3786.0,3537308.0,1486718.0
908,2012-12-17,3812.0,2635746.0,1412708.0
909,2012-12-18,3819.0,3239534.0,1420642.0
910,2012-12-19,3818.0,2751466.0,1462176.0
911,2012-12-20,3789.0,3037022.0,1421808.0
912,2012-12-21,3793.0,2602290.0,1353428.0
913,2012-12-24,3790.0,1615326.0,1365516.0
914,2012-12-25,3873.0,3741282.0,1384046.0
915,2012-12-26,3878.0,1777464.0,1332364.0
916,2012-12-27,3869.0,3370406.0,1178716.0
917,2012-12-28,3916.0,1984868.0,1161322.0
918,2012-12-31,3988.0,2403872.0,1120288.0
919,2013-01-04,3990.0,2305966.0,1208310.0
920,2013-01-07,4004.0,2896484.0,1391856.0
921,2013-01-08,4010.0,2523894.0,1372826.0
922,2013-01-09,3998.0,2208806.0,1368910.0
923,2013-01-10,4020.0,2885508.0,1431692.0
924,2013-01-11,3925.0,3186202.0,1280732.0
925,2013-01-14,4004.0,3884908.0,1342386.0
926,2013-01-15,3977.0,2434790.0,1356304.0
927,2013-01-16,3934.0,2696402.0,1325568.0
928,2013-01-17,3946.0,2441574.0,1307512.0
929,2013-01-18,4002.0,2346678.0,1286920.0
930,2013-01-21,3965.0,2373354.0,1305804.0
931,2013-01-22,3987.0,2299268.0,1304862.0
932,2013-01-23,4053.0,2698600.0,1479668.0
933,2013-01-24,4032.0,3701298.0,1433814.0
934,2013-01-25,4076.0,3541296.0,1579068.0
935,2013-01-28,4068.0,1843148.0,1430354.0
936,2013-01-29,4069.0,1691260.0,1395986.0
937,2013-01-30,4114.0,2323038.0,1437552.0
938,2013-01-31,4127.0,1470028.0,1332500.0
939,2013-02-01,4168.0,2108662.0,1376852.0
940,2013-02-04,4221.0,1635588.0,1213904.0
941,2013-02-05,4140.0,2017310.0,918566.0
942,2013-02-06,4109.0,1140156.0,832292.0
943,2013-02-07,4124.0,698148.0,686640.0
944,2013-02-08,4127.0,313548.0,605274.0
945,2013-02-18,4173.0,1711926.0,684774.0
946,2013-02-19,4186.0,2235174.0,824122.0
947,2013-02-20,4171.0,2488120.0,937888.0
948,2013-02-21,4085.0,3687920.0,930782.0
949,2013-02-22,4036.0,2204304.0,896062.0
950,2013-02-25,4016.0,2454538.0,1013830.0
951,2013-02-26,3956.0,2555394.0,1008308.0
952,2013-02-27,3985.0,3189356.0,1050706.0
953,2013-02-28,4053.0,2850614.0,1054902.0
954,2013-03-01,4020.0,3355966.0,1082892.0
955,2013-03-04,3905.0,3849710.0,1059834.0
956,2013-03-05,3939.0,2716096.0,1037108.0
957,2013-03-06,3937.0,2898962.0,982080.0
958,2013-03-07,3932.0,2965220.0,1072756.0
959,2013-03-08,3928.0,3281084.0,1092024.0
960,2013-03-11,3908.0,3337874.0,1133562.0
961,2013-03-12,3892.0,3068960.0,1171904.0
962,2013-03-13,3833.0,3500908.0,1366146.0
963,2013-03-14,3765.0,4004748.0,1364686.0
964,2013-03-15,3860.0,5026726.0,1271742.0
965,2013-03-18,3829.0,3577042.0,1195430.0
966,2013-03-19,3843.0,2203092.0,1204186.0
967,2013-03-20,3869.0,2625516.0,1220062.0
968,2013-03-21,3902.0,3353754.0,1297650.0
969,2013-03-22,3878.0,2310298.0,1256686.0
970,2013-03-25,3912.0,2660564.0,1326226.0
971,2013-03-26,3882.0,3247988.0,1350068.0
972,2013-03-27,3889.0,2457468.0,1359820.0
973,2013-03-28,3824.0,3561236.0,1322634.0
974,2013-03-29,3810.0,3018070.0,1236224.0
975,2013-04-01,3723.0,3542394.0,1306514.0
976,2013-04-02,3769.0,3538772.0,1270064.0
977,2013-04-03,3798.0,3385088.0,1213050.0
978,2013-04-08,3835.0,3242552.0,1234734.0
979,2013-04-09,3847.0,2947542.0,1266528.0
980,2013-04-10,3847.0,2389752.0,1263392.0
981,2013-04-11,3825.0,3273172.0,1305330.0
982,2013-04-12,3838.0,2996150.0,1303604.0
983,2013-04-15,3738.0,3987768.0,1343486.0
984,2013-04-16,3750.0,3767686.0,1246650.0
985,2013-04-17,3699.0,4528234.0,1385760.0
986,2013-04-18,3651.0,4790564.0,1309182.0
987,2013-04-19,3686.0,3372174.0,1237650.0
988,2013-04-22,3647.0,2922738.0,1316448.0
989,2013-04-23,3600.0,3521808.0,1419388.0
990,2013-04-24,3645.0,4241852.0,1386522.0
991,2013-04-25,3648.0,2396330.0,1354752.0
992,2013-04-26,3600.0,2970358.0,1354180.0
993,2013-05-02,3542.0,2305084.0,1483374.0
994,2013-05-03,3581.0,3389276.0,1508334.0
995,2013-05-06,3622.0,3028888.0,1586646.0
996,2013-05-07,3624.0,3265900.0,1523294.0
997,2013-05-08,3669.0,2720554.0,1506188.0
998,2013-05-09,3621.0,2967078.0,1582518.0
999,2013-05-10,3639.0,3589116.0,1592226.0
1000,2013-05-13,3656.0,4345924.0,1602764.0
1001,2013-05-14,3633.0,3436982.0,1574890.0
1002,2013-05-15,3554.0,3618224.0,1799162.0
1003,2013-05-16,3549.0,3824096.0,1907684.0
1004,2013-05-17,3622.0,6341490.0,1729264.0
1005,2013-05-20,3606.0,3901306.0,1753440.0
1006,2013-05-21,3590.0,3908044.0,1762772.0
1007,2013-05-22,3594.0,4240470.0,1821140.0
1008,2013-05-23,3553.0,3435060.0,1757896.0
1009,2013-05-24,3571.0,2843938.0,1675270.0
1010,2013-05-27,3496.0,3902784.0,1986072.0
1011,2013-05-28,3491.0,3063140.0,2004210.0
1012,2013-05-29,3439.0,3584080.0,2243676.0
1013,2013-05-30,3438.0,3320608.0,2219482.0
1014,2013-05-31,3416.0,3382890.0,2255896.0
1015,2013-06-03,3483.0,3917834.0,2072250.0
1016,2013-06-04,3478.0,2956270.0,1991328.0
1017,2013-06-05,3482.0,2330462.0,1893602.0
1018,2013-06-06,3421.0,3189430.0,1888554.0
1019,2013-06-07,3421.0,2436136.0,1795652.0
1020,2013-06-13,3422.0,2399476.0,1734358.0
1021,2013-06-14,3424.0,2815678.0,1779256.0
1022,2013-06-17,3477.0,3047306.0,1792016.0
1023,2013-06-18,3485.0,1845984.0,1815248.0
1024,2013-06-19,3526.0,3455300.0,1995066.0
1025,2013-06-20,3482.0,3944130.0,1791418.0
1026,2013-06-21,3516.0,5428592.0,1880368.0
1027,2013-06-24,3450.0,4130862.0,1673382.0
1028,2013-06-25,3456.0,3419640.0,1513390.0
1029,2013-06-26,3425.0,2039478.0,1494826.0
1030,2013-06-27,3471.0,2095732.0,1285126.0
1031,2013-06-28,3488.0,1223880.0,1115988.0
1032,2013-07-01,3484.0,758412.0,1032918.0
1033,2013-07-02,3504.0,546146.0,967294.0
1034,2013-07-03,3616.0,3680300.0,1288434.0
1035,2013-07-04,3621.0,2839812.0,1246056.0
1036,2013-07-05,3621.0,2329886.0,1201610.0
1037,2013-07-08,3608.0,3275272.0,1155656.0
1038,2013-07-09,3597.0,2856884.0,1207044.0
1039,2013-07-10,3638.0,3901094.0,1394478.0
1040,2013-07-11,3646.0,4498942.0,1411580.0
1041,2013-07-12,3656.0,2696638.0,1381970.0
1042,2013-07-15,3661.0,2989772.0,1405440.0
1043,2013-07-16,3677.0,2363288.0,1449548.0
1044,2013-07-17,3679.0,2799256.0,1369088.0
1045,2013-07-18,3680.0,1863518.0,1309816.0
1046,2013-07-19,3692.0,2201432.0,1344314.0
1047,2013-07-22,3678.0,1821040.0,1408464.0
1048,2013-07-23,3688.0,1597738.0,1452482.0
1049,2013-07-24,3694.0,2284502.0,1425146.0
1050,2013-07-25,3685.0,1396490.0,1427222.0
1051,2013-07-26,3669.0,1479516.0,1387950.0
1052,2013-07-29,3637.0,1477246.0,1321388.0
1053,2013-07-30,3633.0,1279040.0,1357868.0
1054,2013-07-31,3644.0,1869274.0,1356836.0
1055,2013-08-01,3647.0,1295006.0,1365752.0
1056,2013-08-02,3677.0,1708558.0,1390302.0
1057,2013-08-05,3685.0,965688.0,1359146.0
1058,2013-08-06,3691.0,1206102.0,1367800.0
1059,2013-08-07,3715.0,1876022.0,1515188.0
1060,2013-08-08,3743.0,1660164.0,1588342.0
1061,2013-08-09,3755.0,1876310.0,1538328.0
1062,2013-08-12,3810.0,2069502.0,1619916.0
1063,2013-08-13,3838.0,2064072.0,1654412.0
1064,2013-08-14,3819.0,1789832.0,1658296.0
1065,2013-08-15,3819.0,1497976.0,1593880.0
1066,2013-08-16,3811.0,1833066.0,1508824.0
1067,2013-08-19,3812.0,1892324.0,1552992.0
1068,2013-08-20,3796.0,1517702.0,1548418.0
1069,2013-08-21,3789.0,1150250.0,1559268.0
1070,2013-08-22,3769.0,1747080.0,1579348.0
1071,2013-08-23,3817.0,2136050.0,1553756.0
1072,2013-08-26,3813.0,2048358.0,1536606.0
1073,2013-08-27,3818.0,2137384.0,1451724.0
1074,2013-08-28,3767.0,2350504.0,1388152.0
1075,2013-08-29,3749.0,2330452.0,1356098.0
1076,2013-08-30,3753.0,1441268.0,1321394.0
1077,2013-09-02,3787.0,1452760.0,1261620.0
1078,2013-09-03,3745.0,2010496.0,1476768.0
1079,2013-09-04,3737.0,1309680.0,1490822.0
1080,2013-09-05,3732.0,1201718.0,1429706.0
1081,2013-09-06,3723.0,1544364.0,1447746.0
1082,2013-09-09,3752.0,1343182.0,1423692.0
1083,2013-09-10,3736.0,1186452.0,1422682.0
1084,2013-09-11,3727.0,1304284.0,1514582.0
1085,2013-09-12,3713.0,1060552.0,1524132.0
1086,2013-09-13,3657.0,1823146.0,1548012.0
1087,2013-09-16,3647.0,1416362.0,1501692.0
1088,2013-09-17,3647.0,1199380.0,1520864.0
1089,2013-09-18,3633.0,1376762.0,1461740.0
1090,2013-09-23,3655.0,1429956.0,1540458.0
1091,2013-09-24,3627.0,1224802.0,1594662.0
1092,2013-09-25,3626.0,1026100.0,1564742.0
1093,2013-09-26,3613.0,1024020.0,1542336.0
1094,2013-09-27,3576.0,1164922.0,1498626.0
1095,2013-09-30,3587.0,648414.0,1384192.0
1096,2013-10-08,3599.0,1071150.0,1412986.0
1097,2013-10-09,3589.0,1716768.0,1482090.0
1098,2013-10-10,3597.0,1022460.0,1461730.0
1099,2013-10-11,3601.0,1156954.0,1507714.0
1100,2013-10-14,3625.0,1129852.0,1455458.0
1101,2013-10-15,3606.0,1206938.0,1479608.0
1102,2013-10-16,3567.0,1254510.0,1503134.0
1103,2013-10-17,3558.0,991812.0,1409634.0
1104,2013-10-18,3568.0,1365830.0,1306888.0
1105,2013-10-21,3570.0,769944.0,1283468.0
1106,2013-10-22,3557.0,476304.0,1288314.0
1107,2013-10-23,3537.0,518390.0,1243242.0
1108,2013-10-24,3519.0,443932.0,1253902.0
1109,2013-10-25,3486.0,392180.0,1203870.0
1110,2013-10-28,3485.0,260978.0,1183736.0
1111,2013-10-29,3494.0,405792.0,1144182.0
1112,2013-10-30,3521.0,431352.0,1041342.0
1113,2013-10-31,3636.0,1152622.0,1199354.0
1114,2013-11-01,3671.0,1771784.0,1326042.0
1115,2013-11-04,3677.0,1256126.0,1439576.0
1116,2013-11-05,3669.0,1371586.0,1517904.0
1117,2013-11-06,3642.0,1492144.0,1526576.0
1118,2013-11-07,3679.0,1910172.0,1501678.0
1119,2013-11-08,3661.0,1341632.0,1513220.0
1120,2013-11-11,3668.0,1523286.0,1466372.0
1121,2013-11-12,3670.0,1267998.0,1483652.0
1122,2013-11-13,3647.0,1582304.0,1519674.0
1123,2013-11-14,3620.0,1902964.0,1519356.0
1124,2013-11-15,3591.0,1936398.0,1601814.0
1125,2013-11-18,3592.0,1339696.0,1572632.0
1126,2013-11-19,3624.0,1689192.0,1538180.0
1127,2013-11-20,3646.0,1905328.0,1632208.0
1128,2013-11-21,3612.0,1674888.0,1624172.0
1129,2013-11-22,3614.0,1222570.0,1571758.0
1130,2013-11-25,3636.0,1475922.0,1571414.0
1131,2013-11-26,3660.0,2424668.0,1609358.0
1132,2013-11-27,3650.0,1382060.0,1632286.0
1133,2013-11-28,3670.0,1725370.0,1544494.0
1134,2013-11-29,3670.0,935964.0,1523448.0
1135,2013-12-02,3695.0,1520018.0,1543206.0
1136,2013-12-03,3709.0,1341546.0,1557234.0
1137,2013-12-04,3713.0,1475374.0,1591704.0
1138,2013-12-05,3693.0,1243242.0,1591636.0
1139,2013-12-06,3702.0,1151966.0,1592986.0
1140,2013-12-09,3722.0,1356200.0,1663624.0
1141,2013-12-10,3716.0,1122538.0,1661188.0
1142,2013-12-11,3735.0,1933408.0,1672764.0
1143,2013-12-12,3729.0,1238166.0,1724520.0
1144,2013-12-13,3676.0,2446196.0,1528546.0
1145,2013-12-16,3671.0,1300370.0,1482104.0
1146,2013-12-17,3663.0,1377856.0,1527492.0
1147,2013-12-18,3656.0,1292080.0,1450908.0
1148,2013-12-19,3652.0,1024508.0,1461744.0
1149,2013-12-20,3627.0,1285518.0,1402016.0
1150,2013-12-23,3612.0,1107832.0,1408834.0
1151,2013-12-24,3628.0,984078.0,1425882.0
1152,2013-12-25,3603.0,1342694.0,1464490.0
1153,2013-12-26,3604.0,1270188.0,1456790.0
1154,2013-12-27,3612.0,1316292.0,1458702.0
1155,2013-12-30,3573.0,1487060.0,1535764.0
1156,2013-12-31,3570.0,1260888.0,1419640.0
1157,2014-01-02,3590.0,1019050.0,1346124.0
1158,2014-01-03,3540.0,1260658.0,1355794.0
1159,2014-01-06,3515.0,1107724.0,1345560.0
1160,2014-01-07,3465.0,1517508.0,1335660.0
1161,2014-01-08,3469.0,1222914.0,1277020.0
1162,2014-01-09,3456.0,1310698.0,1277436.0
1163,2014-01-10,3492.0,1624786.0,1294374.0
1164,2014-01-13,3462.0,1229540.0,1291692.0
1165,2014-01-14,3492.0,1233518.0,1304722.0
1166,2014-01-15,3498.0,1169568.0,1318804.0
1167,2014-01-16,3481.0,1286670.0,1356022.0
1168,2014-01-17,3470.0,974250.0,1351834.0
1169,2014-01-20,3451.0,1432548.0,1333860.0
1170,2014-01-21,3410.0,1480214.0,1410924.0
1171,2014-01-22,3424.0,1420846.0,1343642.0
1172,2014-01-23,3463.0,1452702.0,1367838.0
1173,2014-01-24,3487.0,1437284.0,1293852.0
1174,2014-01-27,3472.0,876126.0,1260676.0
1175,2014-01-28,3431.0,964522.0,1214442.0
1176,2014-01-29,3443.0,817008.0,1149854.0
1177,2014-01-30,3455.0,517506.0,1103700.0
1178,2014-02-07,3411.0,926746.0,1160364.0
1179,2014-02-10,3421.0,1560496.0,1252390.0
1180,2014-02-11,3386.0,1192182.0,1336366.0
1181,2014-02-12,3393.0,1140402.0,1382352.0
1182,2014-02-13,3395.0,1091764.0,1373938.0
1183,2014-02-14,3412.0,967856.0,1300408.0
1184,2014-02-17,3455.0,1488420.0,1323922.0
1185,2014-02-18,3428.0,1016036.0,1279298.0
1186,2014-02-19,3436.0,925548.0,1320644.0
1187,2014-02-20,3394.0,1089914.0,1346680.0
1188,2014-02-21,3389.0,798520.0,1349160.0
1189,2014-02-24,3326.0,1518470.0,1313994.0
1190,2014-02-25,3308.0,948250.0,1227780.0
1191,2014-02-26,3317.0,836764.0,1214770.0
1192,2014-02-27,3340.0,935740.0,1142100.0
1193,2014-02-28,3318.0,1029944.0,1114038.0
1194,2014-03-03,3324.0,755248.0,1100490.0
1195,2014-03-04,3409.0,1316748.0,1205134.0
1196,2014-03-05,3423.0,2003504.0,1276708.0
1197,2014-03-06,3388.0,1639254.0,1402296.0
1198,2014-03-07,3335.0,2593584.0,1615348.0
1199,2014-03-10,3221.0,1547872.0,1642986.0
1200,2014-03-11,3236.0,2838730.0,1519850.0
1201,2014-03-12,3254.0,3159628.0,1650522.0
1202,2014-03-13,3284.0,2265162.0,1652640.0
1203,2014-03-14,3262.0,2095746.0,1678554.0
1204,2014-03-17,3229.0,2095964.0,1749124.0
1205,2014-03-18,3240.0,2215350.0,1735142.0
1206,2014-03-19,3242.0,2278624.0,1782028.0
1207,2014-03-20,3230.0,2621828.0,1771492.0
1208,2014-03-21,3220.0,2690310.0,1817176.0
1209,2014-03-24,3213.0,2403414.0,1927104.0
1210,2014-03-25,3287.0,4139074.0,1934416.0
1211,2014-03-26,3275.0,1924026.0,1914626.0
1212,2014-03-27,3269.0,2310856.0,1884442.0
1213,2014-03-28,3307.0,2425214.0,1844754.0
1214,2014-03-31,3328.0,2564106.0,1885346.0
1215,2014-04-01,3331.0,1668948.0,1895238.0
1216,2014-04-02,3317.0,2100082.0,1979114.0
1217,2014-04-03,3336.0,2085484.0,1931950.0
1218,2014-04-04,3372.0,2226006.0,1930628.0
1219,2014-04-08,3414.0,2354892.0,1912244.0
1220,2014-04-09,3384.0,1868136.0,1953718.0
1221,2014-04-10,3368.0,2138006.0,2012070.0
1222,2014-04-11,3360.0,1780520.0,2039264.0
1223,2014-04-14,3360.0,2492596.0,1969124.0
1224,2014-04-15,3369.0,2006394.0,1974872.0
1225,2014-04-16,3329.0,2099342.0,2052922.0
1226,2014-04-17,3324.0,1542468.0,2063784.0
1227,2014-04-18,3245.0,3201112.0,2064662.0
1228,2014-04-21,3235.0,1428492.0,2030240.0
1229,2014-04-22,3244.0,2154884.0,1995910.0
1230,2014-04-23,3266.0,2239166.0,1961378.0
1231,2014-04-24,3283.0,2356824.0,1939726.0
1232,2014-04-25,3276.0,1564756.0,1916820.0
1233,2014-04-28,3222.0,1942172.0,1963936.0
1234,2014-04-29,3248.0,1848226.0,1874704.0
1235,2014-04-30,3227.0,1441202.0,1901300.0
1236,2014-05-05,3238.0,1698470.0,1883836.0
1237,2014-05-06,3225.0,1505276.0,1874680.0
1238,2014-05-07,3195.0,2484126.0,1896356.0
1239,2014-05-08,3181.0,2125730.0,1928384.0
1240,2014-05-09,3168.0,1775258.0,2032596.0
1241,2014-05-12,3193.0,2050244.0,2017262.0
1242,2014-05-13,3165.0,1784628.0,2039246.0
1243,2014-05-14,3166.0,1489994.0,2036486.0
1244,2014-05-15,3131.0,1974658.0,2154638.0
1245,2014-05-16,3090.0,2660116.0,2218336.0
1246,2014-05-19,3080.0,2610682.0,2226070.0
1247,2014-05-20,3068.0,1942194.0,2238202.0
1248,2014-05-21,3075.0,2248696.0,2150690.0
1249,2014-05-22,3079.0,2761430.0,2094096.0
1250,2014-05-23,3081.0,1680760.0,2071328.0
1251,2014-05-26,3140.0,2753950.0,1839978.0
1252,2014-05-27,3144.0,1714528.0,1784900.0
1253,2014-05-28,3116.0,2123098.0,1840938.0
1254,2014-05-29,3111.0,1509232.0,1794108.0
1255,2014-05-30,3056.0,2382866.0,1912636.0
1256,2014-06-03,3057.0,1874874.0,1970174.0
1257,2014-06-04,3061.0,1628800.0,1932578.0
1258,2014-06-05,3067.0,2458340.0,1938826.0
1259,2014-06-06,3079.0,2035658.0,1838346.0
1260,2014-06-09,3064.0,1694312.0,1856136.0
1261,2014-06-10,3068.0,2473368.0,1890506.0
1262,2014-06-11,3046.0,1734420.0,1940310.0
1263,2014-06-12,3027.0,1792726.0,1948214.0
1264,2014-06-13,3029.0,2031862.0,1936712.0
1265,2014-06-16,3001.0,2032034.0,2153526.0
1266,2014-06-17,3018.0,2207960.0,2157526.0
1267,2014-06-18,3009.0,1468542.0,2130640.0
1268,2014-06-19,3009.0,1592270.0,2079866.0
1269,2014-06-20,3044.0,2709728.0,1992646.0
1270,2014-06-23,3072.0,2300392.0,1889014.0
1271,2014-06-24,3064.0,1704490.0,1873336.0
1272,2014-06-25,3079.0,1605680.0,1800718.0
1273,2014-06-26,3115.0,2398494.0,1753342.0
1274,2014-06-27,3088.0,1650420.0,1653302.0
1275,2014-06-30,3076.0,1335024.0,1558656.0
1276,2014-07-01,3069.0,1441298.0,1484996.0
1277,2014-07-02,3097.0,1760900.0,1274240.0
1278,2014-07-03,3083.0,845736.0,1234914.0
1279,2014-07-04,3102.0,1699004.0,1290298.0
1280,2014-07-07,3088.0,2240672.0,1296092.0
1281,2014-07-08,3116.0,1986526.0,1386416.0
1282,2014-07-09,3095.0,1700376.0,1365142.0
1283,2014-07-10,3113.0,2917146.0,1475538.0
1284,2014-07-11,3128.0,2612894.0,1570544.0
1285,2014-07-14,3146.0,2366372.0,1690300.0
1286,2014-07-15,3145.0,1722738.0,1664316.0
1287,2014-07-16,3132.0,1383160.0,1668250.0
1288,2014-07-17,3121.0,1637226.0,1567548.0
1289,2014-07-18,3051.0,2746716.0,1560876.0
1290,2014-07-21,3042.0,1814832.0,1572372.0
1291,2014-07-22,3045.0,1790502.0,1622970.0
1292,2014-07-23,3036.0,1823528.0,1612398.0
1293,2014-07-24,3034.0,2238246.0,1667220.0
1294,2014-07-25,3048.0,1784238.0,1668390.0
1295,2014-07-28,3076.0,2703224.0,1708728.0
1296,2014-07-29,3105.0,2990810.0,1833300.0
1297,2014-07-30,3072.0,2289602.0,1765312.0
1298,2014-07-31,3069.0,1561388.0,1764542.0
1299,2014-08-01,3067.0,2294988.0,1689858.0
1300,2014-08-04,3106.0,2945594.0,1792204.0
1301,2014-08-05,3102.0,2952628.0,1833066.0
1302,2014-08-06,3104.0,2590882.0,1907528.0
1303,2014-08-07,3100.0,2228166.0,1912780.0
1304,2014-08-08,3087.0,2247990.0,1883600.0
1305,2014-08-11,3062.0,2524660.0,2013784.0
1306,2014-08-12,3063.0,1791422.0,1958004.0
1307,2014-08-13,3044.0,2678436.0,2064394.0
1308,2014-08-14,3021.0,2142998.0,2062498.0
1309,2014-08-15,3031.0,2373268.0,2108850.0
1310,2014-08-18,3010.0,2453272.0,2250508.0
1311,2014-08-19,3015.0,1979616.0,2295054.0
1312,2014-08-20,2990.0,2240678.0,2458260.0
1313,2014-08-21,2983.0,1873434.0,2541766.0
1314,2014-08-22,2986.0,1949942.0,2505568.0
1315,2014-08-25,2974.0,1933578.0,2414526.0
1316,2014-08-26,2979.0,1727058.0,2430328.0
1317,2014-08-27,2965.0,2003836.0,2443898.0
1318,2014-08-28,2937.0,3218868.0,2495702.0
1319,2014-08-29,2940.0,1913484.0,2394980.0
1320,2014-09-01,2915.0,2147522.0,2434214.0
1321,2014-09-02,2910.0,3632038.0,2628046.0
1322,2014-09-03,2853.0,3861960.0,2886792.0
1323,2014-09-04,2838.0,3927914.0,2868164.0
1324,2014-09-05,2834.0,3371838.0,2818022.0
1325,2014-09-09,2768.0,4192656.0,2948842.0
1326,2014-09-10,2780.0,6590504.0,2852396.0
1327,2014-09-11,2757.0,3729686.0,2896688.0
1328,2014-09-12,2790.0,3984704.0,2783510.0
1329,2014-09-15,2826.0,4585390.0,2664612.0
1330,2014-09-16,2788.0,5159490.0,2752500.0
1331,2014-09-17,2804.0,4392080.0,2791110.0
1332,2014-09-18,2767.0,3746742.0,2929410.0
1333,2014-09-19,2714.0,5731296.0,3169344.0
1334,2014-09-22,2619.0,5027012.0,3256790.0
1335,2014-09-23,2616.0,6227118.0,3026502.0
1336,2014-09-24,2616.0,4575332.0,2998686.0
1337,2014-09-25,2548.0,7750420.0,3122290.0
1338,2014-09-26,2590.0,9099322.0,2843064.0
1339,2014-09-29,2529.0,6766200.0,2875606.0
1340,2014-09-30,2532.0,3750178.0,2660780.0
1341,2014-10-08,2513.0,4365294.0,2856360.0
1342,2014-10-09,2550.0,4927310.0,2794390.0
1343,2014-10-10,2575.0,5180206.0,2513134.0
1344,2014-10-13,2663.0,5580374.0,2257876.0
1345,2014-10-14,2649.0,3412412.0,2227624.0
1346,2014-10-15,2654.0,3637952.0,2154008.0
1347,2014-10-16,2655.0,4556070.0,1863742.0
1348,2014-10-17,2646.0,2264754.0,1797848.0
1349,2014-10-20,2614.0,4455996.0,2092488.0
1350,2014-10-21,2597.0,3350458.0,2339914.0
1351,2014-10-22,2547.0,5402296.0,2680018.0
1352,2014-10-23,2533.0,5723920.0,2794432.0
1353,2014-10-24,2554.0,4631784.0,2846846.0
1354,2014-10-27,2549.0,3682354.0,2892028.0
1355,2014-10-28,2548.0,4006168.0,3004050.0
1356,2014-10-29,2589.0,5199588.0,2957606.0
1357,2014-10-30,2590.0,6061352.0,2916078.0
1358,2014-10-31,2565.0,5027740.0,2879160.0
1359,2014-11-03,2542.0,5634362.0,2961516.0
1360,2014-11-04,2558.0,5819806.0,2906518.0
1361,2014-11-05,2513.0,6212778.0,3087708.0
1362,2014-11-06,2526.0,5593508.0,3058706.0
1363,2014-11-07,2536.0,6886784.0,3084412.0
1364,2014-11-10,2557.0,6817834.0,3095808.0
1365,2014-11-11,2552.0,4467210.0,3053776.0
1366,2014-11-12,2554.0,5140482.0,3135662.0
1367,2014-11-13,2520.0,4548416.0,3381994.0
1368,2014-11-14,2524.0,3606306.0,3346100.0
1369,2014-11-17,2514.0,4282336.0,3575030.0
1370,2014-11-18,2442.0,7893790.0,3964608.0
1371,2014-11-19,2446.0,5697686.0,3710612.0
1372,2014-11-20,2439.0,4135288.0,3714442.0
1373,2014-11-21,2448.0,6265558.0,3647780.0
1374,2014-11-24,2437.0,5317852.0,3665980.0
1375,2014-11-25,2450.0,5293080.0,3754542.0
1376,2014-11-26,2448.0,4756278.0,3776768.0
1377,2014-11-27,2539.0,8196212.0,3320700.0
1378,2014-11-28,2548.0,7732948.0,3025046.0
1379,2014-12-01,2521.0,6595664.0,2899736.0
1380,2014-12-02,2503.0,6316698.0,2981040.0
1381,2014-12-03,2532.0,6837216.0,2900456.0
1382,2014-12-04,2567.0,7936068.0,2887066.0
1383,2014-12-05,2560.0,4642740.0,2878208.0
1384,2014-12-08,2542.0,5658862.0,2824108.0
1385,2014-12-09,2557.0,6535982.0,2778466.0
1386,2014-12-10,2563.0,6050896.0,2772068.0
1387,2014-12-11,2566.0,6475540.0,2683542.0
1388,2014-12-12,2585.0,5607560.0,2694108.0
1389,2014-12-15,2570.0,3293514.0,2694464.0
1390,2014-12-16,2548.0,4504078.0,2519776.0
1391,2014-12-17,2540.0,3543628.0,2514310.0
1392,2014-12-18,2546.0,4590180.0,2482426.0
1393,2014-12-19,2567.0,3740938.0,2487740.0
1394,2014-12-22,2513.0,5049920.0,2422176.0
1395,2014-12-23,2467.0,4548628.0,2404168.0
1396,2014-12-24,2496.0,3938452.0,2318724.0
1397,2014-12-25,2482.0,2427210.0,2286124.0
1398,2014-12-26,2480.0,1877152.0,2283830.0
1399,2014-12-29,2519.0,3040750.0,2335410.0
1400,2014-12-30,2608.0,6385038.0,2250496.0
1401,2014-12-31,2594.0,4148900.0,2120260.0
1402,2015-01-05,2560.0,2891694.0,2212768.0
1403,2015-01-06,2619.0,7434538.0,2279112.0
1404,2015-01-07,2585.0,4317868.0,2225372.0
1405,2015-01-08,2579.0,3696668.0,2206252.0
1406,2015-01-09,2557.0,3561070.0,2156408.0
1407,2015-01-12,2502.0,5204600.0,2193666.0
1408,2015-01-13,2511.0,3337222.0,2189134.0
1409,2015-01-14,2487.0,5060470.0,2181418.0
1410,2015-01-15,2519.0,4426394.0,2191982.0
1411,2015-01-16,2510.0,3898388.0,2247512.0
1412,2015-01-19,2516.0,5840042.0,2161770.0
1413,2015-01-20,2488.0,3804648.0,2224690.0
1414,2015-01-21,2472.0,4067256.0,2226796.0
1415,2015-01-22,2479.0,3426746.0,2207310.0
1416,2015-01-23,2484.0,3686640.0,2299782.0
1417,2015-01-26,2450.0,4693054.0,2326654.0
1418,2015-01-27,2455.0,2345892.0,2285488.0
1419,2015-01-28,2474.0,2453880.0,2243590.0
1420,2015-01-29,2507.0,3767108.0,2260960.0
1421,2015-01-30,2498.0,2275316.0,2208752.0
1422,2015-02-02,2492.0,2749940.0,2057418.0
1423,2015-02-03,2474.0,2576944.0,1912324.0
1424,2015-02-04,2467.0,2889450.0,1794316.0
1425,2015-02-05,2472.0,1784504.0,1728068.0
1426,2015-02-06,2496.0,1633356.0,1588346.0
1427,2015-02-09,2478.0,1506170.0,1597580.0
1428,2015-02-10,2489.0,826546.0,1507600.0
1429,2015-02-11,2490.0,605922.0,1471758.0
1430,2015-02-12,2489.0,691294.0,1460666.0
1431,2015-02-13,2514.0,1430356.0,1521308.0
1432,2015-02-16,2524.0,1218768.0,1552574.0
1433,2015-02-17,2521.0,804402.0,1527150.0
1434,2015-02-25,2483.0,890868.0,1463886.0
1435,2015-02-26,2505.0,863160.0,1547910.0
1436,2015-02-27,2464.0,1378260.0,1612236.0
1437,2015-03-02,2472.0,2769934.0,1673788.0
1438,2015-03-03,2468.0,1199714.0,1592766.0
1439,2015-03-04,2464.0,693690.0,1584954.0
1440,2015-03-05,2447.0,1213754.0,1519172.0
1441,2015-03-06,2418.0,585192.0,1495696.0
1442,2015-03-09,2486.0,3254646.0,1562434.0
1443,2015-03-10,2453.0,2391878.0,1599006.0
1444,2015-03-11,2471.0,2204398.0,1579462.0
1445,2015-03-12,2496.0,2646136.0,1572834.0
1446,2015-03-13,2493.0,2484292.0,1594010.0
1447,2015-03-16,2520.0,2887758.0,1765824.0
1448,2015-03-17,2512.0,2039234.0,1737060.0
1449,2015-03-18,2483.0,4334196.0,1725474.0
1450,2015-03-19,2482.0,2041408.0,1706378.0
1451,2015-03-20,2481.0,1774980.0,1725054.0
1452,2015-03-23,2548.0,4785718.0,1922120.0
1453,2015-03-24,2542.0,4221476.0,2103290.0
1454,2015-03-25,2507.0,3109514.0,2088390.0
1455,2015-03-26,2491.0,2949506.0,2092662.0
1456,2015-03-27,2477.0,6043130.0,2110134.0
1457,2015-03-30,2451.0,4261190.0,2159268.0
1458,2015-03-31,2431.0,5247554.0,2429446.0
1459,2015-04-01,2390.0,5869210.0,2739722.0
1460,2015-04-02,2342.0,7905188.0,3041786.0
1461,2015-04-03,2341.0,6098706.0,3145268.0
1462,2015-04-07,2311.0,4374424.0,3624170.0
1463,2015-04-08,2324.0,7162492.0,3625926.0
1464,2015-04-09,2290.0,4823818.0,3685426.0
1465,2015-04-10,2266.0,4749620.0,3800820.0
1466,2015-04-13,2329.0,8377910.0,3799408.0
1467,2015-04-14,2324.0,7287328.0,3703712.0
1468,2015-04-15,2297.0,4532636.0,3771342.0
1469,2015-04-16,2318.0,5042842.0,3630552.0
1470,2015-04-17,2311.0,4649630.0,3584152.0
1471,2015-04-20,2279.0,6266020.0,3845800.0
1472,2015-04-21,2281.0,4252402.0,3929950.0
1473,2015-04-22,2327.0,6974766.0,3866734.0
1474,2015-04-23,2323.0,5507632.0,3594430.0
1475,2015-04-24,2378.0,9322642.0,3359744.0
1476,2015-04-27,2408.0,8738302.0,3280756.0
1477,2015-04-28,2398.0,5879950.0,3175130.0
1478,2015-04-29,2340.0,7285772.0,3156726.0
1479,2015-04-30,2365.0,5412820.0,3017818.0
1480,2015-05-04,2413.0,4834698.0,3016110.0
1481,2015-05-05,2428.0,7536936.0,2980574.0
1482,2015-05-06,2430.0,6223092.0,2851946.0
1483,2015-05-07,2407.0,4835314.0,2842652.0
1484,2015-05-08,2412.0,5401672.0,2752800.0
1485,2015-05-11,2421.0,4298216.0,2782154.0
1486,2015-05-12,2391.0,3813042.0,2816192.0
1487,2015-05-13,2383.0,3721250.0,2808210.0
1488,2015-05-14,2363.0,5247184.0,2881492.0
1489,2015-05-15,2372.0,2802208.0,2881486.0
1490,2015-05-18,2349.0,2535766.0,2959456.0
1491,2015-05-19,2342.0,2609006.0,2918988.0
1492,2015-05-20,2314.0,3605960.0,2825762.0
1493,2015-05-21,2344.0,3321110.0,2808738.0
1494,2015-05-22,2351.0,3699272.0,2742096.0
1495,2015-05-25,2347.0,3046606.0,2779526.0
1496,2015-05-26,2351.0,4809814.0,2723568.0
1497,2015-05-27,2355.0,2552564.0,2719244.0
1498,2015-05-28,2355.0,3100416.0,2634738.0
1499,2015-05-29,2359.0,3197716.0,2516918.0
1500,2015-06-01,2372.0,4129768.0,2506374.0
1501,2015-06-02,2375.0,2592372.0,2453376.0
1502,2015-06-03,2349.0,2404222.0,2451870.0
1503,2015-06-04,2356.0,3077860.0,2355650.0
1504,2015-06-05,2341.0,2524844.0,2379106.0
1505,2015-06-08,2334.0,1898566.0,2375180.0
1506,2015-06-09,2337.0,2066772.0,2337004.0
1507,2015-06-10,2336.0,2709874.0,2434288.0
1508,2015-06-11,2355.0,3117692.0,2430106.0
1509,2015-06-12,2299.0,3983034.0,2759080.0
1510,2015-06-15,2281.0,3325350.0,2866710.0
1511,2015-06-16,2243.0,3921078.0,3088346.0
1512,2015-06-17,2223.0,4536168.0,3103402.0
1513,2015-06-18,2245.0,3378246.0,3063476.0
1514,2015-06-19,2246.0,3010142.0,2929690.0
1515,2015-06-23,2239.0,2102086.0,2977038.0
1516,2015-06-24,2241.0,2497894.0,3053352.0
1517,2015-06-25,2218.0,2870778.0,3091870.0
1518,2015-06-26,2213.0,3994394.0,3024568.0
1519,2015-06-29,2181.0,3658666.0,2995694.0
1520,2015-06-30,2135.0,7807732.0,2495642.0
1521,2015-07-01,2124.0,3659918.0,2552394.0
1522,2015-07-02,2124.0,4505638.0,2295538.0
1523,2015-07-03,2121.0,3551970.0,2287966.0
1524,2015-07-06,2027.0,3390786.0,2467546.0
1525,2015-07-07,1957.0,7005452.0,2189122.0
1526,2015-07-08,1891.0,9237660.0,1711600.0
1527,2015-07-09,2004.0,7051156.0,1542726.0
1528,2015-07-10,2007.0,4587426.0,1607812.0
1529,2015-07-13,2008.0,2661184.0,1573422.0
1530,2015-07-14,2007.0,1806312.0,1537048.0
1531,2015-07-15,1990.0,1765154.0,1564474.0
1532,2015-07-16,2005.0,2515104.0,1456178.0
1533,2015-07-17,2006.0,1423034.0,1428950.0
1534,2015-07-20,2112.0,5372274.0,1714656.0
1535,2015-07-21,2081.0,4278448.0,1822648.0
1536,2015-07-22,2031.0,4843262.0,1917802.0
1537,2015-07-23,2050.0,4318224.0,1917096.0
1538,2015-07-24,2044.0,4132504.0,1927220.0
1539,2015-07-27,2074.0,5905974.0,2009400.0
1540,2015-07-28,2072.0,5570278.0,2061730.0
1541,2015-07-29,2110.0,5789134.0,2203846.0
1542,2015-07-30,2085.0,4844012.0,2200790.0
1543,2015-07-31,2095.0,4215404.0,2191682.0
1544,2015-08-03,2078.0,6307800.0,2241676.0
1545,2015-08-04,2097.0,3837588.0,2182916.0
1546,2015-08-05,2098.0,3994900.0,2219302.0
1547,2015-08-06,2076.0,3884330.0,2376042.0
1548,2015-08-07,2063.0,4472546.0,2493758.0
1549,2015-08-10,2045.0,3523152.0,2450504.0
1550,2015-08-11,2053.0,4898544.0,2435484.0
1551,2015-08-12,2071.0,3829656.0,2345210.0
1552,2015-08-13,2092.0,5340620.0,2316254.0
1553,2015-08-14,2085.0,2412166.0,2321784.0
1554,2015-08-17,2059.0,3325562.0,2436318.0
1555,2015-08-18,2049.0,2590430.0,2408340.0
1556,2015-08-19,2044.0,4059872.0,2284572.0
1557,2015-08-20,2028.0,3291744.0,2382612.0
1558,2015-08-21,2024.0,2737948.0,2410662.0
1559,2015-08-24,1934.0,6300192.0,2495786.0
1560,2015-08-25,1933.0,6832422.0,2219346.0
1561,2015-08-26,1937.0,4417540.0,2248510.0
1562,2015-08-27,1969.0,4210674.0,2189386.0
1563,2015-08-28,1976.0,6597234.0,2393856.0
1564,2015-08-31,1952.0,5809012.0,2446838.0
1565,2015-09-01,1963.0,4473344.0,2414568.0
1566,2015-09-02,1955.0,2561494.0,2272834.0
1567,2015-09-07,1920.0,4094518.0,2508030.0
1568,2015-09-08,1949.0,3649914.0,2441818.0
1569,2015-09-09,1948.0,7883726.0,2424526.0
1570,2015-09-10,1956.0,4779406.0,2446874.0
1571,2015-09-11,1946.0,5041194.0,2479580.0
1572,2015-09-14,1929.0,4065166.0,2553366.0
1573,2015-09-15,1909.0,3253090.0,2649676.0
1574,2015-09-16,1934.0,3964030.0,2524750.0
1575,2015-09-17,1926.0,4414424.0,2593742.0
1576,2015-09-18,1922.0,3226308.0,2610072.0
1577,2015-09-21,1904.0,3814342.0,2763274.0
1578,2015-09-22,1891.0,3174160.0,2883358.0
1579,2015-09-23,1902.0,3580716.0,2712170.0
1580,2015-09-24,1893.0,1747832.0,2710262.0
1581,2015-09-25,1891.0,2794220.0,2649152.0
1582,2015-09-28,1859.0,2271328.0,2808478.0
1583,2015-09-29,1833.0,3299438.0,2583858.0
1584,2015-09-30,1821.0,2494804.0,2628152.0
1585,2015-10-08,1826.0,2553402.0,2595548.0
1586,2015-10-09,1852.0,3479500.0,2483282.0
1587,2015-10-12,1847.0,3981900.0,2466748.0
1588,2015-10-13,1838.0,3089416.0,2546572.0
1589,2015-10-14,1830.0,2522922.0,2599590.0
1590,2015-10-15,1834.0,2109524.0,2581472.0
1591,2015-10-16,1830.0,2483140.0,2574222.0
1592,2015-10-19,1807.0,3243418.0,2804968.0
1593,2015-10-20,1801.0,2261400.0,2754348.0
1594,2015-10-21,1804.0,4048260.0,2614494.0
1595,2015-10-22,1805.0,2373494.0,2446990.0
1596,2015-10-23,1801.0,2247608.0,2260140.0
1597,2015-10-26,1801.0,2065598.0,2142800.0
1598,2015-10-27,1804.0,2068660.0,2087966.0
1599,2015-10-28,1792.0,1783290.0,1995340.0
1600,2015-10-29,1795.0,1251140.0,1948786.0
1601,2015-10-30,1782.0,1280842.0,2004004.0
1602,2015-11-02,1787.0,998326.0,1838240.0
1603,2015-11-03,1779.0,1032118.0,1773746.0
1604,2015-11-04,1780.0,1321266.0,2032100.0
1605,2015-11-05,1776.0,1524966.0,2041548.0
1606,2015-11-06,1794.0,2568118.0,2158254.0
1607,2015-11-09,1805.0,1957650.0,2228016.0
1608,2015-11-10,1797.0,1808924.0,2223182.0
1609,2015-11-11,1777.0,1753724.0,2289778.0
1610,2015-11-12,1765.0,2324048.0,2514674.0
1611,2015-11-13,1759.0,1946790.0,2612404.0
1612,2015-11-16,1753.0,1964378.0,2662192.0
1613,2015-11-17,1752.0,1586652.0,2639974.0
1614,2015-11-18,1736.0,2100464.0,2737376.0
1615,2015-11-19,1705.0,4542824.0,2799492.0
1616,2015-11-20,1695.0,2733446.0,2863134.0
1617,2015-11-23,1659.0,4414044.0,2820906.0
1618,2015-11-24,1667.0,3414958.0,2824648.0
1619,2015-11-25,1676.0,6173106.0,2935306.0
1620,2015-11-26,1680.0,8211592.0,2905020.0
1621,2015-11-27,1656.0,4213766.0,2996760.0
1622,2015-11-30,1626.0,4700388.0,3042022.0
1623,2015-12-01,1633.0,4285306.0,3191678.0
1624,2015-12-02,1659.0,7473778.0,3257230.0
1625,2015-12-03,1635.0,4289644.0,3187890.0
1626,2015-12-04,1650.0,5652644.0,3127226.0
1627,2015-12-07,1670.0,5045348.0,3217504.0
1628,2015-12-08,1654.0,4044250.0,2987910.0
1629,2015-12-09,1656.0,3471394.0,3074322.0
1630,2015-12-10,1648.0,3004688.0,3045570.0
1631,2015-12-11,1658.0,2855298.0,3115174.0
1632,2015-12-14,1665.0,3573916.0,3165478.0
1633,2015-12-15,1657.0,5315278.0,3195774.0
1634,2015-12-16,1673.0,2142674.0,3138562.0
1635,2015-12-17,1677.0,5940106.0,3276818.0
1636,2015-12-18,1712.0,4566394.0,3389766.0
1637,2015-12-21,1749.0,9698548.0,3617346.0
1638,2015-12-22,1731.0,8147652.0,3740398.0
1639,2015-12-23,1717.0,5630160.0,3638312.0
1640,2015-12-24,1724.0,6194022.0,3539624.0
1641,2015-12-25,1737.0,2885082.0,3556726.0
1642,2015-12-28,1741.0,4514858.0,3500808.0
1643,2015-12-29,1780.0,8060928.0,3434598.0
1644,2015-12-30,1780.0,7988626.0,3326148.0
1645,2015-12-31,1784.0,5863506.0,3268574.0
1646,2016-01-04,1777.0,6700936.0,3062134.0
1647,2016-01-05,1789.0,6413148.0,3171882.0
1648,2016-01-06,1775.0,4603662.0,3101762.0
1649,2016-01-07,1773.0,4652628.0,3073988.0
1650,2016-01-08,1759.0,6658038.0,2885064.0
1651,2016-01-11,1758.0,5081394.0,2834258.0
1652,2016-01-12,1741.0,5333022.0,2925678.0
1653,2016-01-13,1740.0,3591540.0,2791556.0
1654,2016-01-14,1758.0,4110300.0,2851872.0
1655,2016-01-15,1778.0,6649864.0,3152676.0
1656,2016-01-18,1827.0,9156242.0,3353516.0
1657,2016-01-19,1839.0,6967734.0,3331732.0
1658,2016-01-20,1818.0,6237726.0,3187010.0
1659,2016-01-21,1808.0,5493208.0,3248392.0
1660,2016-01-22,1823.0,7687002.0,3539188.0
1661,2016-01-25,1840.0,7650122.0,3646874.0
1662,2016-01-26,1845.0,4321346.0,3622822.0
1663,2016-01-27,1863.0,7017400.0,3667088.0
1664,2016-01-28,1815.0,7189268.0,3326818.0
1665,2016-01-29,1814.0,5938474.0,3157788.0
1666,2016-02-01,1819.0,5697330.0,2911900.0
1667,2016-02-02,1815.0,4090540.0,2493290.0
1668,2016-02-03,1826.0,3099622.0,2307344.0
1669,2016-02-04,1851.0,3515826.0,2254350.0
1670,2016-02-05,1843.0,2790060.0,2088616.0
1671,2016-02-15,1872.0,2680436.0,2221548.0
1672,2016-02-16,1865.0,2707824.0,2279270.0
1673,2016-02-17,1861.0,3197078.0,2216192.0
1674,2016-02-18,1870.0,2833084.0,2258336.0
1675,2016-02-19,1897.0,4259322.0,2307378.0
1676,2016-02-22,1962.0,6568536.0,2474776.0
1677,2016-02-23,1926.0,5118530.0,2267538.0
1678,2016-02-24,1929.0,3504668.0,2243998.0
1679,2016-02-25,1928.0,4325944.0,2347758.0
1680,2016-02-26,1922.0,4146132.0,2272552.0
1681,2016-02-29,1969.0,6078558.0,2446476.0
1682,2016-03-01,1994.0,6064250.0,2456280.0
1683,2016-03-02,1993.0,5582604.0,2215504.0
1684,2016-03-03,1974.0,4325658.0,2049588.0
1685,2016-03-04,1987.0,4750600.0,1843186.0
1686,2016-03-07,2073.0,3279116.0,1725824.0
1687,2016-03-08,2194.0,6192598.0,1593412.0
1688,2016-03-09,2104.0,8678072.0,1289634.0
1689,2016-03-10,2130.0,11325298.0,1511022.0
1690,2016-03-11,2085.0,4663174.0,1290812.0
1691,2016-03-14,1986.0,7468574.0,1876880.0
1692,2016-03-15,1972.0,6206632.0,1982310.0
1693,2016-03-16,2008.0,5064118.0,2125684.0
1694,2016-03-17,2078.0,8370102.0,2207256.0
1695,2016-03-18,2118.0,12070078.0,2411642.0
1696,2016-03-21,2147.0,15519554.0,2715948.0
1697,2016-03-22,2158.0,10235742.0,2637684.0
1698,2016-03-23,2193.0,15313536.0,2589898.0
1699,2016-03-24,2120.0,17616140.0,2456366.0
1700,2016-03-25,2184.0,13761106.0,2597908.0
1701,2016-03-28,2132.0,15282150.0,2704478.0
1702,2016-03-29,2159.0,12704180.0,2832060.0
1703,2016-03-30,2113.0,15421990.0,2982268.0
1704,2016-03-31,2136.0,10882762.0,2807376.0
1705,2016-04-01,2193.0,11332698.0,2849612.0
1706,2016-04-05,2194.0,7784670.0,3140770.0
1707,2016-04-06,2182.0,9508160.0,3437272.0
1708,2016-04-07,2191.0,8191230.0,3571450.0
1709,2016-04-08,2196.0,7519084.0,3548056.0
1710,2016-04-11,2293.0,13939432.0,4180004.0
1711,2016-04-12,2344.0,12889096.0,4273062.0
1712,2016-04-13,2353.0,19138022.0,4129856.0
1713,2016-04-14,2324.0,11451662.0,4028986.0
1714,2016-04-15,2300.0,10863312.0,3711280.0
1715,2016-04-18,2391.0,11825572.0,3715410.0
1716,2016-04-19,2494.0,14327034.0,3533946.0
1717,2016-04-20,2592.0,15687854.0,3329118.0
1718,2016-04-21,2750.0,22361440.0,2797426.0
1719,2016-04-22,2619.0,21928680.0,2671432.0
1720,2016-04-25,2643.0,19860714.0,2778040.0
1721,2016-04-26,2554.0,13828216.0,2927298.0
1722,2016-04-27,2500.0,14117966.0,2892336.0
1723,2016-04-28,2539.0,12590112.0,2901482.0
1724,2016-04-29,2580.0,11065856.0,2705042.0
1725,2016-05-03,2451.0,6087006.0,2702042.0
1726,2016-05-04,2381.0,8158556.0,2902036.0
1727,2016-05-05,2309.0,8843630.0,3010258.0
1728,2016-05-06,2336.0,9851786.0,3079210.0
1729,2016-05-09,2175.0,8700040.0,3311408.0
1730,2016-05-10,2147.0,10220650.0,2981232.0
1731,2016-05-11,2146.0,9657606.0,3045482.0
1732,2016-05-12,2074.0,8472638.0,3340930.0
1733,2016-05-13,2030.0,10298962.0,3500184.0
1734,2016-05-16,2052.0,8318498.0,3430758.0
1735,2016-05-17,2114.0,8366662.0,3195814.0
1736,2016-05-18,2055.0,10649982.0,2961602.0
1737,2016-05-19,2043.0,8679626.0,3041332.0
1738,2016-05-20,2062.0,7550934.0,3092190.0
1739,2016-05-23,1947.0,7824686.0,2946832.0
1740,2016-05-24,1958.0,6755808.0,2962564.0
1741,2016-05-25,1916.0,6905020.0,3045028.0
1742,2016-05-26,1953.0,7416702.0,3043898.0
1743,2016-05-27,2033.0,11215608.0,2923206.0
1744,2016-05-30,1990.0,10207570.0,2854180.0
1745,2016-05-31,1978.0,7125598.0,2941886.0
1746,2016-06-01,1955.0,5423698.0,2968202.0
1747,2016-06-02,1954.0,4834340.0,3035662.0
1748,2016-06-03,1988.0,5065658.0,2937758.0
1749,2016-06-06,2059.0,7362346.0,2941864.0
1750,2016-06-07,2077.0,6342670.0,2758772.0
1751,2016-06-08,2099.0,7473444.0,2478334.0
1752,2016-06-13,2170.0,6223922.0,2596912.0
1753,2016-06-14,2072.0,8418904.0,2447134.0
1754,2016-06-15,2067.0,5505990.0,2452108.0
1755,2016-06-16,2074.0,5954174.0,2476248.0
1756,2016-06-17,2074.0,5880856.0,2375822.0
1757,2016-06-20,2062.0,4848484.0,2389908.0
1758,2016-06-21,2082.0,5592902.0,2480160.0
1759,2016-06-22,2143.0,6999164.0,2631158.0
1760,2016-06-23,2141.0,5478706.0,2686078.0
1761,2016-06-24,2126.0,5838818.0,2639884.0
1762,2016-06-27,2268.0,7599160.0,2806212.0
1763,2016-06-28,2265.0,5887680.0,2691696.0
1764,2016-06-29,2241.0,5861356.0,2608036.0
1765,2016-06-30,2337.0,7704152.0,2505608.0
1766,2016-07-01,2349.0,7083518.0,2313042.0
1767,2016-07-04,2424.0,9112380.0,2073208.0
1768,2016-07-05,2402.0,7311714.0,1971480.0
1769,2016-07-06,2378.0,8042726.0,1982898.0
1770,2016-07-07,2387.0,8375194.0,2077216.0
1771,2016-07-08,2445.0,8376194.0,2413392.0
1772,2016-07-11,2430.0,7469210.0,2276468.0
1773,2016-07-12,2558.0,7774606.0,2561784.0
1774,2016-07-13,2516.0,6880472.0,2494614.0
1775,2016-07-14,2524.0,5581728.0,2493862.0
1776,2016-07-15,2527.0,6070020.0,2463646.0
1777,2016-07-18,2362.0,7009522.0,2509524.0
1778,2016-07-19,2297.0,7458256.0,2326466.0
1779,2016-07-20,2310.0,5487648.0,2295432.0
1780,2016-07-21,2396.0,7426584.0,2261552.0
1781,2016-07-22,2310.0,6666442.0,2172398.0
1782,2016-07-25,2342.0,7003380.0,2116832.0
1783,2016-07-26,2379.0,5557718.0,2159444.0
1784,2016-07-27,2418.0,7734528.0,1903086.0
1785,2016-07-28,2480.0,7475414.0,1936284.0
1786,2016-07-29,2412.0,5494102.0,1891324.0
1787,2016-08-01,2495.0,6510646.0,1796142.0
1788,2016-08-02,2514.0,4636956.0,1857660.0
1789,2016-08-03,2497.0,4146122.0,1844192.0
1790,2016-08-04,2453.0,5642740.0,1922344.0
1791,2016-08-05,2538.0,5161852.0,1864868.0
1792,2016-08-08,2607.0,4988876.0,1968322.0
1793,2016-08-09,2589.0,4572794.0,1909702.0
1794,2016-08-10,2587.0,4624264.0,1905536.0
1795,2016-08-11,2594.0,4269190.0,1963378.0
1796,2016-08-12,2577.0,3689742.0,1859538.0
1797,2016-08-15,2571.0,4053394.0,1783176.0
1798,2016-08-16,2648.0,4320198.0,1775446.0
1799,2016-08-17,2589.0,3099566.0,1524614.0
1800,2016-08-18,2549.0,4533600.0,1978564.0
1801,2016-08-19,2567.0,5512548.0,2144406.0
1802,2016-08-22,2553.0,5207160.0,2380650.0
1803,2016-08-23,2596.0,5406822.0,2576768.0
1804,2016-08-24,2589.0,3940550.0,2604334.0
1805,2016-08-25,2567.0,7629108.0,2710618.0
1806,2016-08-26,2502.0,5510904.0,2657676.0
1807,2016-08-29,2477.0,5832962.0,2660264.0
1808,2016-08-30,2422.0,6071512.0,2889822.0
1809,2016-08-31,2392.0,5324052.0,2838164.0
1810,2016-09-01,2402.0,5234742.0,2847492.0
1811,2016-09-02,2406.0,7014078.0,2747498.0
1812,2016-09-05,2436.0,6002322.0,2808008.0
1813,2016-09-06,2428.0,5017696.0,2902974.0
1814,2016-09-07,2334.0,7433996.0,3186378.0
1815,2016-09-08,2338.0,4869812.0,3209340.0
1816,2016-09-09,2343.0,5757430.0,3175186.0
1817,2016-09-12,2277.0,5823944.0,3158204.0
1818,2016-09-13,2256.0,4971790.0,3229964.0
1819,2016-09-14,2250.0,4277878.0,3241868.0
1820,2016-09-19,2239.0,3195102.0,3369950.0
1821,2016-09-20,2264.0,5189584.0,3327228.0
1822,2016-09-21,2257.0,4515108.0,3355942.0
1823,2016-09-22,2280.0,7508750.0,3117042.0
1824,2016-09-23,2309.0,4878596.0,2999758.0
1825,2016-09-26,2316.0,5032966.0,2944970.0
1826,2016-09-27,2273.0,5733910.0,2995756.0
1827,2016-09-28,2285.0,4295198.0,2983406.0
1828,2016-09-29,2273.0,5653568.0,2696638.0
1829,2016-09-30,2253.0,3710948.0,2570142.0
1830,2016-10-10,2270.0,3464986.0,2628696.0
1831,2016-10-11,2339.0,5548546.0,2751772.0
1832,2016-10-12,2358.0,4978656.0,2776198.0
1833,2016-10-13,2354.0,4501194.0,2663540.0
1834,2016-10-14,2399.0,5084094.0,2680738.0
1835,2016-10-17,2431.0,4848632.0,2587868.0
1836,2016-10-18,2441.0,3898820.0,2576244.0
1837,2016-10-19,2434.0,7063346.0,2469978.0
1838,2016-10-20,2486.0,5109816.0,2498386.0
1839,2016-10-21,2485.0,4545124.0,2433466.0
1840,2016-10-24,2491.0,4712738.0,2444666.0
1841,2016-10-25,2569.0,6094124.0,2462038.0
1842,2016-10-26,2534.0,5791228.0,2356776.0
1843,2016-10-27,2512.0,5433252.0,2172556.0
1844,2016-10-28,2588.0,4328268.0,2211058.0
1845,2016-10-31,2600.0,4884518.0,2108310.0
1846,2016-11-01,2613.0,5337216.0,2111350.0
1847,2016-11-02,2610.0,5090916.0,2047804.0
1848,2016-11-03,2691.0,4501852.0,2288186.0
1849,2016-11-04,2716.0,6349562.0,2184014.0
1850,2016-11-07,2889.0,6528734.0,2122454.0
1851,2016-11-08,2836.0,6907862.0,1846738.0
1852,2016-11-09,3015.0,5927072.0,1856932.0
1853,2016-11-10,2987.0,7075336.0,1724324.0
1854,2016-11-11,3126.0,4679740.0,1711882.0
1855,2016-11-14,2945.0,5886956.0,1394948.0
1856,2016-11-15,2858.0,2869130.0,1442346.0
1857,2016-11-16,2816.0,3909922.0,1399424.0
1858,2016-11-17,2814.0,3171932.0,1439176.0
1859,2016-11-18,2772.0,2899398.0,1396636.0
1860,2016-11-21,2714.0,2988754.0,1371636.0
1861,2016-11-22,2900.0,3723944.0,1300110.0
1862,2016-11-23,2954.0,4070872.0,1339794.0
1863,2016-11-24,2951.0,3487584.0,1132534.0
1864,2016-11-25,3154.0,2816238.0,1104502.0
1865,2016-11-28,3332.0,2733408.0,1364960.0
1866,2016-11-29,3062.0,3991114.0,1433476.0
1867,2016-11-30,3000.0,2136874.0,1337564.0
1868,2016-12-01,3187.0,5079566.0,1610660.0
1869,2016-12-02,3126.0,5315224.0,1646860.0
1870,2016-12-05,3204.0,4581570.0,1742120.0
1871,2016-12-06,3217.0,3570526.0,1808054.0
1872,2016-12-07,3382.0,4600540.0,2081848.0
1873,2016-12-08,3394.0,3988602.0,2131430.0
1874,2016-12-09,3345.0,5420202.0,2147234.0
1875,2016-12-12,3444.0,4000812.0,2142098.0
1876,2016-12-13,3505.0,3335092.0,2325978.0
1877,2016-12-14,3375.0,4341096.0,2301362.0
1878,2016-12-15,3413.0,4079444.0,2300790.0
1879,2016-12-16,3293.0,3396454.0,2313854.0
1880,2016-12-19,3171.0,3659544.0,2328378.0
1881,2016-12-20,3162.0,3485732.0,2178928.0
1882,2016-12-21,3169.0,3572718.0,2247440.0
1883,2016-12-22,3026.0,3356712.0,2355272.0
1884,2016-12-23,2984.0,3764756.0,2404368.0
1885,2016-12-26,2922.0,4597294.0,2499958.0
1886,2016-12-27,3006.0,3606540.0,2361982.0
1887,2016-12-28,2989.0,4099296.0,2398440.0
1888,2016-12-29,2952.0,3948156.0,2464282.0
1889,2016-12-30,2867.0,2988602.0,2442966.0
1890,2017-01-03,2851.0,2581552.0,2526810.0
1891,2017-01-04,2930.0,3988998.0,2531598.0
1892,2017-01-05,2941.0,3639036.0,2493862.0
1893,2017-01-06,2912.0,3621876.0,2505026.0
1894,2017-01-09,3048.0,3590906.0,2486996.0
1895,2017-01-10,3167.0,3923264.0,2580862.0
1896,2017-01-11,3182.0,3167658.0,2471864.0
1897,2017-01-12,3207.0,3534488.0,2690826.0
1898,2017-01-13,3194.0,2951466.0,2585936.0
1899,2017-01-16,3375.0,4048262.0,2667728.0
1900,2017-01-17,3284.0,3555120.0,2527596.0
1901,2017-01-18,3292.0,3353896.0,2505772.0
1902,2017-01-19,3256.0,3144640.0,2531502.0
1903,2017-01-20,3194.0,3147490.0,2508784.0
1904,2017-01-23,3180.0,2358234.0,2345226.0
1905,2017-01-24,3292.0,2952718.0,2469476.0
1906,2017-01-25,3299.0,1804324.0,2265996.0
1907,2017-01-26,3369.0,1896002.0,2254872.0
1908,2017-02-03,3113.0,2496492.0,2244062.0
1909,2017-02-06,3082.0,2416472.0,2445734.0
1910,2017-02-07,3165.0,2591874.0,2472670.0
1911,2017-02-08,3243.0,2989688.0,2566662.0
1912,2017-02-09,3206.0,2410544.0,2528692.0
1913,2017-02-10,3328.0,4366112.0,2757728.0
1914,2017-02-13,3437.0,3014236.0,2750650.0
1915,2017-02-14,3442.0,2325770.0,2705168.0
1916,2017-02-15,3391.0,3270782.0,2854176.0
1917,2017-02-16,3381.0,4521314.0,2782674.0
1918,2017-02-17,3473.0,3593002.0,2815816.0
1919,2017-02-20,3546.0,3980198.0,3194206.0
1920,2017-02-21,3575.0,3226564.0,3058306.0
1921,2017-02-22,3525.0,3227458.0,2943694.0
1922,2017-02-23,3483.0,3698790.0,2830814.0
1923,2017-02-24,3498.0,3970238.0,2856986.0
1924,2017-02-27,3612.0,3932404.0,3013542.0
1925,2017-02-28,3471.0,3752392.0,2851838.0
1926,2017-03-01,3542.0,3596716.0,2870166.0
1927,2017-03-02,3553.0,2936158.0,2882066.0
1928,2017-03-03,3566.0,4145656.0,3087546.0
1929,2017-03-06,3467.0,4069720.0,2897968.0
1930,2017-03-07,3494.0,3009698.0,2810242.0
1931,2017-03-08,3425.0,3776446.0,2975960.0
1932,2017-03-09,3389.0,3374018.0,2819092.0
1933,2017-03-10,3402.0,2693822.0,2796138.0
1934,2017-03-13,3604.0,4616948.0,2961672.0
1935,2017-03-14,3594.0,2793100.0,2815632.0
1936,2017-03-15,3641.0,3284492.0,2676568.0
1937,2017-03-16,3625.0,2365448.0,2469850.0
1938,2017-03-17,3575.0,2009228.0,2260584.0
1939,2017-03-20,3581.0,1887018.0,2115278.0
1940,2017-03-21,3476.0,1964284.0,1773462.0
1941,2017-03-22,3405.0,1615206.0,1610564.0
1942,2017-03-23,3127.0,2961120.0,1967156.0
1943,2017-03-24,3140.0,4315812.0,2086352.0
1944,2017-03-27,3057.0,4210368.0,2172364.0
1945,2017-03-28,3050.0,3860972.0,2311302.0
1946,2017-03-29,3169.0,4705728.0,2384386.0
1947,2017-03-30,3142.0,3670026.0,2419084.0
1948,2017-03-31,3152.0,5570154.0,2465042.0
1949,2017-04-05,3222.0,4368094.0,2455878.0
1950,2017-04-06,3162.0,4956264.0,2627898.0
1951,2017-04-07,3038.0,6128296.0,2754252.0
1952,2017-04-10,3000.0,4221712.0,2804536.0
1953,2017-04-11,2982.0,4500688.0,2847282.0
1954,2017-04-12,2893.0,4743762.0,2929150.0
1955,2017-04-13,2917.0,4355624.0,2850832.0
1956,2017-04-14,2942.0,5676496.0,2805770.0
1957,2017-04-17,2912.0,5247354.0,2765320.0
1958,2017-04-18,2824.0,4828746.0,2929440.0
1959,2017-04-19,2852.0,3665450.0,2845128.0
1960,2017-04-20,2889.0,6177936.0,2755486.0
1961,2017-04-21,2928.0,6859930.0,2718328.0
1962,2017-04-24,2927.0,5467910.0,2757128.0
1963,2017-04-25,2948.0,5236738.0,2927716.0
1964,2017-04-26,2967.0,5939958.0,3046648.0
1965,2017-04-27,3016.0,4814822.0,3152884.0
1966,2017-04-28,3115.0,6604372.0,3301826.0
1967,2017-05-02,3134.0,3349462.0,3394692.0
1968,2017-05-03,3131.0,4945434.0,3672130.0
1969,2017-05-04,2931.0,10040322.0,3344158.0
1970,2017-05-05,2931.0,7220490.0,3396782.0
1971,2017-05-08,3004.0,9812676.0,3584572.0
1972,2017-05-09,3016.0,6250494.0,3705088.0
1973,2017-05-10,3077.0,7391280.0,3791240.0
1974,2017-05-11,3060.0,10250286.0,3700338.0
1975,2017-05-12,2941.0,9412260.0,3922756.0
1976,2017-05-15,2991.0,7079212.0,3777186.0
1977,2017-05-16,2999.0,5715242.0,3792070.0
1978,2017-05-17,3110.0,8553152.0,4042906.0
1979,2017-05-18,3144.0,7669748.0,4272028.0
1980,2017-05-19,3244.0,9364778.0,4357650.0
1981,2017-05-22,3342.0,9224152.0,4515004.0
1982,2017-05-23,3295.0,6647362.0,4416246.0
1983,2017-05-24,3246.0,9760882.0,4330496.0
1984,2017-05-25,3219.0,9362346.0,4141028.0
1985,2017-05-26,3240.0,7427212.0,4039408.0
1986,2017-05-31,3095.0,6663064.0,3993662.0
1987,2017-06-01,3092.0,7377354.0,4116502.0
1988,2017-06-02,3026.0,9046274.0,4174198.0
1989,2017-06-05,2939.0,7983244.0,4259372.0
1990,2017-06-06,2959.0,6740960.0,4112454.0
1991,2017-06-07,2962.0,6244994.0,4237182.0
1992,2017-06-08,2968.0,9025802.0,4077740.0
1993,2017-06-09,3017.0,6275936.0,4086840.0
1994,2017-06-12,3033.0,6298340.0,4090012.0
1995,2017-06-13,2935.0,5864856.0,4316160.0
1996,2017-06-14,3084.0,8388128.0,4100690.0
1997,2017-06-15,3111.0,8854462.0,4169474.0
1998,2017-06-16,3091.0,7986648.0,3921532.0
1999,2017-06-19,3140.0,7269176.0,3884594.0
2000,2017-06-20,3109.0,6469594.0,3918006.0
2001,2017-06-21,3069.0,6953398.0,3881838.0
2002,2017-06-22,3031.0,8068116.0,3860464.0
2003,2017-06-23,3104.0,6795422.0,3837146.0
2004,2017-06-26,3148.0,6297226.0,3909278.0
2005,2017-06-27,3224.0,6593804.0,4064658.0
2006,2017-06-28,3279.0,6083548.0,4243248.0
2007,2017-06-29,3297.0,8409380.0,4287144.0
2008,2017-06-30,3347.0,7499712.0,4577550.0
2009,2017-07-03,3413.0,7327914.0,4727336.0
2010,2017-07-04,3360.0,7666870.0,4533484.0
2011,2017-07-05,3420.0,8665272.0,4535336.0
2012,2017-07-06,3417.0,7893368.0,4552136.0
2013,2017-07-07,3428.0,7705736.0,4507758.0
2014,2017-07-10,3442.0,6567710.0,4569212.0
2015,2017-07-11,3565.0,7074976.0,4711298.0
2016,2017-07-12,3575.0,5648724.0,4709702.0
2017,2017-07-13,3657.0,6170360.0,4832902.0
2018,2017-07-14,3551.0,8422600.0,4367644.0
2019,2017-07-17,3627.0,6886134.0,4403500.0
2020,2017-07-18,3586.0,6543818.0,4374682.0
2021,2017-07-19,3679.0,6243064.0,4361042.0
2022,2017-07-20,3496.0,8574736.0,3954248.0
2023,2017-07-21,3525.0,6661080.0,3777024.0
2024,2017-07-24,3516.0,5893656.0,3864674.0
2025,2017-07-25,3568.0,6185898.0,3752382.0
2026,2017-07-26,3568.0,6233630.0,3421350.0
2027,2017-07-27,3570.0,6196006.0,3389820.0
2028,2017-07-28,3558.0,5509860.0,3201420.0
2029,2017-07-31,3733.0,6960054.0,3091474.0
2030,2017-08-01,3698.0,4104670.0,2894894.0
2031,2017-08-02,3725.0,3965622.0,2768436.0
2032,2017-08-03,3776.0,4027018.0,2628888.0
2033,2017-08-04,3882.0,3464504.0,2459486.0
2034,2017-08-07,4079.0,4377190.0,2102350.0
2035,2017-08-08,3884.0,6067812.0,2375240.0
2036,2017-08-09,4006.0,7154166.0,2670588.0
2037,2017-08-10,3964.0,7482000.0,2782816.0
2038,2017-08-11,3862.0,9155740.0,2901410.0
2039,2017-08-14,3807.0,7245232.0,3259910.0
2040,2017-08-15,3747.0,4333142.0,3349820.0
2041,2017-08-16,3707.0,3306254.0,3375502.0
2042,2017-08-17,3809.0,5557758.0,3285680.0
2043,2017-08-18,3895.0,3634340.0,3194436.0
2044,2017-08-21,3962.0,4277788.0,3285512.0
2045,2017-08-22,3933.0,3381224.0,3249920.0
2046,2017-08-23,3779.0,5422838.0,3506930.0
2047,2017-08-24,3858.0,4439100.0,3273082.0
2048,2017-08-25,3930.0,4113372.0,3107668.0
2049,2017-08-28,3932.0,4434592.0,3240038.0
2050,2017-08-29,3882.0,4324476.0,3337800.0
2051,2017-08-30,3868.0,4006358.0,3271128.0
2052,2017-08-31,3927.0,5042166.0,3623044.0
2053,2017-09-01,4062.0,5397808.0,3874380.0
2054,2017-09-04,4060.0,4660264.0,3722486.0
2055,2017-09-05,4084.0,3474268.0,3731902.0
2056,2017-09-06,3986.0,4279668.0,3764716.0
2057,2017-09-07,3958.0,4500946.0,3658508.0
2058,2017-09-08,3916.0,5079692.0,3633306.0
2059,2017-09-11,3915.0,3909502.0,3502388.0
2060,2017-09-12,3959.0,4357690.0,3525144.0
2061,2017-09-13,3914.0,4162678.0,3538916.0
2062,2017-09-14,3831.0,5110450.0,3787372.0
2063,2017-09-15,3805.0,3729164.0,3631466.0
2064,2017-09-18,3801.0,3851596.0,3679306.0
2065,2017-09-19,3740.0,3327328.0,3603726.0
2066,2017-09-20,3758.0,3418992.0,3576370.0
2067,2017-09-21,3655.0,4317254.0,3831526.0
2068,2017-09-22,3554.0,3657024.0,3719066.0
2069,2017-09-25,3603.0,3402282.0,3628502.0
2070,2017-09-26,3614.0,3101096.0,3517756.0
2071,2017-09-27,3679.0,3315054.0,3478262.0
2072,2017-09-28,3606.0,4395896.0,3445714.0
2073,2017-09-29,3695.0,3387018.0,3102004.0
2074,2017-10-09,3701.0,2497018.0,3060556.0
2075,2017-10-10,3553.0,3736474.0,3466974.0
2076,2017-10-11,3523.0,3363060.0,3449682.0
2077,2017-10-12,3667.0,4779306.0,3639820.0
2078,2017-10-13,3815.0,4049004.0,3544560.0
2079,2017-10-16,3824.0,3796496.0,3440906.0
2080,2017-10-17,3740.0,3919334.0,3393398.0
2081,2017-10-18,3686.0,2916468.0,3202978.0
2082,2017-10-19,3604.0,3844860.0,3336864.0
2083,2017-10-20,3776.0,3610592.0,3165510.0
2084,2017-10-23,3700.0,4416066.0,3120240.0
2085,2017-10-24,3739.0,3076650.0,2923036.0
2086,2017-10-25,3703.0,3378510.0,2894110.0
2087,2017-10-26,3650.0,3187124.0,2778456.0
2088,2017-10-27,3577.0,2991008.0,2786198.0
2089,2017-10-30,3571.0,2092610.0,2600058.0
2090,2017-10-31,3628.0,3080286.0,2677192.0
2091,2017-11-01,3563.0,2340156.0,2520602.0
2092,2017-11-02,3642.0,2629562.0,2361794.0
2093,2017-11-03,3612.0,1712470.0,2166496.0
2094,2017-11-06,3736.0,1871584.0,2162330.0
2095,2017-11-07,3707.0,1233250.0,1965170.0
2096,2017-11-08,3724.0,1226686.0,1929012.0
2097,2017-11-09,3760.0,4970730.0,2091288.0
2098,2017-11-10,3796.0,3690886.0,2188334.0
2099,2017-11-13,3803.0,4635840.0,2194094.0
2100,2017-11-14,3804.0,3540442.0,2152082.0
2101,2017-11-15,3705.0,4239284.0,2059768.0
2102,2017-11-16,3680.0,3629530.0,2096952.0
2103,2017-11-17,3632.0,3698712.0,2195094.0
2104,2017-11-20,3696.0,3677614.0,2158640.0
2105,2017-11-21,3763.0,3923448.0,2190902.0
2106,2017-11-22,3817.0,3833336.0,2312996.0
2107,2017-11-23,3826.0,4006456.0,2394930.0
2108,2017-11-24,3814.0,3491612.0,2362552.0
2109,2017-11-27,3833.0,4268610.0,2441546.0
2110,2017-11-28,3872.0,3196028.0,2579070.0
2111,2017-11-29,3957.0,4711928.0,2895656.0
2112,2017-11-30,3990.0,5024632.0,2924900.0
2113,2017-12-01,3977.0,4326984.0,2893706.0
2114,2017-12-04,4056.0,4711716.0,3005296.0
2115,2017-12-05,4025.0,3812332.0,2978208.0
2116,2017-12-06,3916.0,4813668.0,2955474.0
2117,2017-12-07,3828.0,5701228.0,2780650.0
2118,2017-12-08,3895.0,4421804.0,2670450.0
2119,2017-12-11,3912.0,5323908.0,2676260.0
2120,2017-12-12,3884.0,5101036.0,2714088.0
2121,2017-12-13,3831.0,5618008.0,2781522.0
2122,2017-12-14,3786.0,4839396.0,2756276.0
2123,2017-12-15,3824.0,3715426.0,2652164.0
2124,2017-12-18,3874.0,5875636.0,2580740.0
2125,2017-12-19,3791.0,4955962.0,2679418.0
2126,2017-12-20,3804.0,4264388.0,2648114.0
2127,2017-12-21,3853.0,5351426.0,2445204.0
2128,2017-12-22,3942.0,4986930.0,2658714.0
2129,2017-12-25,3787.0,5165730.0,2490232.0
2130,2017-12-26,3822.0,4103050.0,2541856.0
2131,2017-12-27,3792.0,4050510.0,2599962.0
2132,2017-12-28,3758.0,4411490.0,2776556.0
2133,2017-12-29,3794.0,4377144.0,2524270.0
2134,2018-01-02,3874.0,2961436.0,2413572.0
2135,2018-01-03,3809.0,3523844.0,2433636.0
2136,2018-01-04,3819.0,3747764.0,2581090.0
2137,2018-01-05,3798.0,3941160.0,2744436.0
2138,2018-01-08,3818.0,4329290.0,2717212.0
2139,2018-01-09,3819.0,3148548.0,2564464.0
2140,2018-01-10,3849.0,4174000.0,2676566.0
2141,2018-01-11,3838.0,3631732.0,2597150.0
2142,2018-01-12,3790.0,3298806.0,2733076.0
2143,2018-01-15,3802.0,3097214.0,2833502.0
2144,2018-01-16,3790.0,3670054.0,2637024.0
2145,2018-01-17,3827.0,4281478.0,2736546.0
2146,2018-01-18,3859.0,3516314.0,2926692.0
2147,2018-01-19,3926.0,4341444.0,3154466.0
2148,2018-01-22,3927.0,3595842.0,3235974.0
2149,2018-01-23,3912.0,4132416.0,3017524.0
2150,2018-01-24,3937.0,2808360.0,3132256.0
2151,2018-01-25,3966.0,3860830.0,3207556.0
2152,2018-01-26,3945.0,2985708.0,3094676.0
2153,2018-01-29,3945.0,2502918.0,3065612.0
2154,2018-01-30,3921.0,2680272.0,2943354.0
2155,2018-01-31,3915.0,2741322.0,2858688.0
2156,2018-02-01,3931.0,3082336.0,2909296.0
2157,2018-02-02,3961.0,2699418.0,2912456.0
2158,2018-02-05,3967.0,2520722.0,2786752.0
2159,2018-02-06,3943.0,3078200.0,2719124.0
2160,2018-02-07,3937.0,2060998.0,2682964.0
2161,2018-02-08,3930.0,2206992.0,2668894.0
2162,2018-02-09,3895.0,2574966.0,2586270.0
2163,2018-02-12,3918.0,1570766.0,2455788.0
2164,2018-02-13,3921.0,1344078.0,2318730.0
2165,2018-02-14,3934.0,1115116.0,2226628.0
2166,2018-02-22,3866.0,2061350.0,2438736.0
2167,2018-02-23,3949.0,3569646.0,2472076.0
2168,2018-02-26,4028.0,2765834.0,2556516.0
2169,2018-02-27,4035.0,2380880.0,2509598.0
2170,2018-02-28,4020.0,2004708.0,2523848.0
2171,2018-03-01,4032.0,2698576.0,2608248.0
2172,2018-03-02,4024.0,2319730.0,2495890.0
2173,2018-03-05,3957.0,2822262.0,2571916.0
2174,2018-03-06,3969.0,3130932.0,2667332.0
2175,2018-03-07,3890.0,3411932.0,2732922.0
2176,2018-03-08,3794.0,3825014.0,2708162.0
2177,2018-03-09,3709.0,5354170.0,2582206.0
2178,2018-03-12,3709.0,4245310.0,2550928.0
2179,2018-03-13,3695.0,2974572.0,2608346.0
2180,2018-03-14,3735.0,4231252.0,2567680.0
2181,2018-03-15,3752.0,3267560.0,2423320.0
2182,2018-03-16,3731.0,2793532.0,2399336.0
2183,2018-03-19,3651.0,3932802.0,2390864.0
2184,2018-03-20,3649.0,3093030.0,2259540.0
2185,2018-03-21,3617.0,3150512.0,2319096.0
2186,2018-03-22,3619.0,3353098.0,2288630.0
2187,2018-03-23,3369.0,6156296.0,2028014.0
2188,2018-03-26,3363.0,3940734.0,1931786.0
2189,2018-03-27,3433.0,3469360.0,1734578.0
2190,2018-03-28,3212.0,2592142.0,1936094.0
2191,2018-03-29,3289.0,3252386.0,2081700.0
2192,2018-03-30,3391.0,3903414.0,2279344.0
2193,2018-04-02,3344.0,4829256.0,2321024.0
2194,2018-04-03,3354.0,4646490.0,2405478.0
2195,2018-04-04,3318.0,4320168.0,2488046.0
2196,2018-04-09,3408.0,4219576.0,2687440.0
2197,2018-04-10,3419.0,4461648.0,2794184.0
2198,2018-04-11,3395.0,5117786.0,2774720.0
2199,2018-04-12,3402.0,4996770.0,2799314.0
2200,2018-04-13,3452.0,5542606.0,2957458.0
2201,2018-04-16,3357.0,5051502.0,2864790.0
2202,2018-04-17,3384.0,5717310.0,2927264.0
2203,2018-04-18,3446.0,6277210.0,2901930.0
2204,2018-04-19,3516.0,6220952.0,2841970.0
2205,2018-04-20,3454.0,4660282.0,2853460.0
2206,2018-04-23,3544.0,4872116.0,2818162.0
2207,2018-04-24,3562.0,3992888.0,2864466.0
2208,2018-04-25,3573.0,4221012.0,2947476.0
2209,2018-04-26,3558.0,4795470.0,2955976.0
2210,2018-04-27,3593.0,4499726.0,2898548.0
2211,2018-05-02,3727.0,4114388.0,3234126.0
2212,2018-05-03,3673.0,4217694.0,3055156.0
2213,2018-05-04,3664.0,3693968.0,2999864.0
2214,2018-05-07,3657.0,4811508.0,2944954.0
2215,2018-05-08,3637.0,3148852.0,2972300.0
2216,2018-05-09,3571.0,4787862.0,3161058.0
2217,2018-05-10,3615.0,3814674.0,3097422.0
2218,2018-05-11,3675.0,3980122.0,3044550.0
2219,2018-05-14,3667.0,3163110.0,2976578.0
2220,2018-05-15,3681.0,5015452.0,2928956.0
2221,2018-05-16,3677.0,4263970.0,2844188.0
2222,2018-05-17,3679.0,2893558.0,2923310.0
2223,2018-05-18,3631.0,4186806.0,3039540.0
2224,2018-05-21,3589.0,3846112.0,3112692.0
2225,2018-05-22,3573.0,3540894.0,3127742.0
2226,2018-05-23,3531.0,3394370.0,3138232.0
2227,2018-05-24,3583.0,3251118.0,3111164.0
2228,2018-05-25,3565.0,3675128.0,3058798.0
2229,2018-05-28,3579.0,3738744.0,3073260.0
2230,2018-05-29,3635.0,3950374.0,3028136.0
2231,2018-05-30,3644.0,3500508.0,3022838.0
2232,2018-05-31,3696.0,3065394.0,3151666.0
2233,2018-06-01,3734.0,4625294.0,3217558.0
2234,2018-06-04,3719.0,3729114.0,3206226.0
2235,2018-06-05,3736.0,3565494.0,3181432.0
2236,2018-06-06,3776.0,4213682.0,3338848.0
2237,2018-06-07,3807.0,5175266.0,3349032.0
2238,2018-06-08,3806.0,3697188.0,3311490.0
2239,2018-06-11,3803.0,3896802.0,3323166.0
2240,2018-06-12,3856.0,4509342.0,3323372.0
2241,2018-06-13,3859.0,4173928.0,3398726.0
2242,2018-06-14,3897.0,3528436.0,3553536.0
2243,2018-06-15,3902.0,3290156.0,3394082.0
2244,2018-06-19,3769.0,4628740.0,3119942.0
2245,2018-06-20,3817.0,3636162.0,3314384.0
2246,2018-06-21,3773.0,4224838.0,3413920.0
2247,2018-06-22,3760.0,3577300.0,3362138.0
2248,2018-06-25,3723.0,3941730.0,3478658.0
2249,2018-06-26,3675.0,3907480.0,3592886.0
2250,2018-06-27,3672.0,3382616.0,3608562.0
2251,2018-06-28,3744.0,4845174.0,3496056.0
2252,2018-06-29,3807.0,3645626.0,3437234.0
2253,2018-07-02,3751.0,4347068.0,3274854.0
2254,2018-07-03,3753.0,3254772.0,3173000.0
2255,2018-07-04,3783.0,4168130.0,3254826.0
2256,2018-07-05,3788.0,4840962.0,3170636.0
2257,2018-07-06,3780.0,4295056.0,3056220.0
2258,2018-07-09,3830.0,4111960.0,3221226.0
2259,2018-07-10,3862.0,3547480.0,3395826.0
2260,2018-07-11,3879.0,4129272.0,3453692.0
2261,2018-07-12,3976.0,4499234.0,3637860.0
2262,2018-07-13,3959.0,3610666.0,3489952.0
2263,2018-07-16,3954.0,2900152.0,3376558.0
