,Date,RB10_p,RB10_v,RB10_po
0,2009-03-27,3584.0,4076.0,620.0
1,2009-03-30,3581.0,614.0,582.0
2,2009-03-31,3578.0,172.0,498.0
3,2009-04-01,3583.0,158.0,460.0
4,2009-04-02,3519.0,516.0,580.0
5,2009-04-03,3485.0,1006.0,1032.0
6,2009-04-07,3522.0,590.0,1128.0
7,2009-04-08,3502.0,254.0,1064.0
8,2009-04-09,3490.0,366.0,1136.0
9,2009-04-10,3510.0,496.0,1208.0
10,2009-04-13,3501.0,668.0,1372.0
11,2009-04-14,3596.0,652.0,1370.0
12,2009-04-15,3600.0,530.0,1634.0
13,2009-04-16,3631.0,420.0,1780.0
14,2009-04-17,3669.0,688.0,1846.0
15,2009-04-20,3662.0,1320.0,2500.0
16,2009-04-21,3567.0,376.0,2480.0
17,2009-04-22,3550.0,358.0,2604.0
18,2009-04-23,3561.0,446.0,2672.0
19,2009-04-24,3543.0,152.0,2652.0
20,2009-04-27,3546.0,238.0,2660.0
21,2009-04-28,3544.0,506.0,2894.0
22,2009-04-29,3559.0,54.0,2902.0
23,2009-04-30,3568.0,1876.0,3982.0
24,2009-05-04,3649.0,894.0,4014.0
25,2009-05-05,3617.0,652.0,4182.0
26,2009-05-06,3631.0,302.0,4158.0
27,2009-05-07,3625.0,650.0,4390.0
28,2009-05-08,3635.0,388.0,4344.0
29,2009-05-11,3658.0,1272.0,4370.0
30,2009-05-12,3670.0,224.0,4370.0
31,2009-05-13,3667.0,176.0,4352.0
32,2009-05-14,3620.0,902.0,4350.0
33,2009-05-15,3627.0,328.0,4326.0
34,2009-05-18,3623.0,326.0,4320.0
35,2009-05-19,3640.0,132.0,4316.0
36,2009-05-20,3627.0,378.0,4538.0
37,2009-05-21,3633.0,190.0,4520.0
38,2009-05-22,3639.0,356.0,4416.0
39,2009-05-25,3629.0,194.0,4452.0
40,2009-05-26,3629.0,118.0,4460.0
41,2009-05-27,3636.0,36.0,4456.0
42,2009-06-01,3662.0,1096.0,4468.0
43,2009-06-02,3676.0,880.0,4508.0
44,2009-06-03,3698.0,202.0,4528.0
45,2009-06-04,3729.0,652.0,4646.0
46,2009-06-05,3774.0,800.0,4642.0
47,2009-06-08,3815.0,1440.0,4686.0
48,2009-06-09,3804.0,932.0,4734.0
49,2009-06-10,3833.0,1126.0,4932.0
50,2009-06-11,3910.0,3580.0,6238.0
51,2009-06-12,3893.0,3590.0,7140.0
52,2009-06-15,3868.0,3048.0,6748.0
53,2009-06-16,3887.0,3180.0,8316.0
54,2009-06-17,3872.0,6060.0,12174.0
55,2009-06-18,3858.0,4776.0,14842.0
56,2009-06-19,3912.0,9588.0,19612.0
57,2009-06-22,3935.0,17016.0,23618.0
58,2009-06-23,3898.0,20010.0,30348.0
59,2009-06-24,3883.0,7502.0,32834.0
60,2009-06-25,3881.0,4768.0,33788.0
61,2009-06-26,3869.0,9434.0,35466.0
62,2009-06-29,3838.0,22732.0,49452.0
63,2009-06-30,3823.0,21896.0,61510.0
64,2009-07-01,3847.0,24512.0,71762.0
65,2009-07-02,3865.0,40622.0,86650.0
66,2009-07-03,3860.0,32836.0,94694.0
67,2009-07-06,3864.0,41416.0,116632.0
68,2009-07-07,3872.0,59638.0,141024.0
69,2009-07-08,3851.0,61774.0,148772.0
70,2009-07-09,3867.0,47206.0,155008.0
71,2009-07-10,3900.0,187346.0,202628.0
72,2009-07-13,3916.0,176378.0,229608.0
73,2009-07-14,3927.0,139702.0,243330.0
74,2009-07-15,4002.0,325300.0,301264.0
75,2009-07-16,4034.0,343434.0,321434.0
76,2009-07-17,4007.0,240664.0,341312.0
77,2009-07-20,4029.0,236266.0,331820.0
78,2009-07-21,4034.0,257934.0,313618.0
79,2009-07-22,4072.0,385238.0,323830.0
80,2009-07-23,4122.0,374508.0,335622.0
81,2009-07-24,4184.0,491822.0,366596.0
82,2009-07-27,4236.0,703260.0,357310.0
83,2009-07-28,4331.0,804126.0,367064.0
84,2009-07-29,4392.0,1523852.0,381370.0
85,2009-07-30,4444.0,1242210.0,397818.0
86,2009-07-31,4627.0,1169890.0,322324.0
87,2009-08-03,4857.0,780966.0,279200.0
88,2009-08-04,4848.0,521860.0,203242.0
89,2009-08-05,4883.0,373850.0,167754.0
90,2009-08-06,4899.0,198220.0,157134.0
91,2009-08-07,4754.0,286504.0,147908.0
92,2009-08-10,4698.0,184316.0,121462.0
93,2009-08-11,4739.0,86254.0,108116.0
94,2009-08-12,4700.0,52120.0,108934.0
95,2009-08-13,4710.0,32246.0,108786.0
96,2009-08-14,4594.0,66846.0,98868.0
97,2009-08-17,4522.0,55258.0,88056.0
98,2009-08-18,4510.0,34966.0,82506.0
99,2009-08-19,4298.0,48488.0,75846.0
100,2009-08-20,4365.0,43310.0,67324.0
101,2009-08-21,4408.0,40394.0,59516.0
102,2009-08-24,4404.0,18430.0,58744.0
103,2009-08-25,4310.0,15420.0,56188.0
104,2009-08-26,4314.0,13676.0,53220.0
105,2009-08-27,4293.0,12256.0,48728.0
106,2009-08-28,4264.0,13000.0,47172.0
107,2009-08-31,4120.0,11570.0,43060.0
108,2009-09-01,4040.0,20536.0,33288.0
109,2009-09-02,3985.0,8572.0,30932.0
110,2009-09-03,3966.0,10104.0,28438.0
111,2009-09-04,3952.0,4278.0,28326.0
112,2009-09-07,3818.0,6954.0,26330.0
113,2009-09-08,3815.0,11118.0,22234.0
114,2009-09-09,3850.0,6820.0,20838.0
115,2009-09-10,3823.0,5090.0,20814.0
116,2009-09-11,3807.0,3334.0,20630.0
117,2009-09-14,3770.0,3914.0,18886.0
118,2009-09-15,3760.0,1946.0,18900.0
119,2009-09-16,3768.0,3618.0,18442.0
120,2009-09-17,3718.0,5144.0,16590.0
121,2009-09-18,3689.0,1342.0,16040.0
122,2009-09-21,3674.0,3720.0,15418.0
123,2009-09-22,3649.0,3492.0,15074.0
124,2009-09-23,3658.0,4482.0,13338.0
125,2009-09-24,3601.0,2158.0,12262.0
126,2009-09-25,3587.0,1394.0,12314.0
127,2009-09-28,3441.0,1944.0,12250.0
128,2009-09-29,3480.0,1386.0,12080.0
129,2009-09-30,3450.0,1392.0,11464.0
130,2009-10-09,3441.0,1204.0,10920.0
131,2009-10-12,3440.0,1860.0,9780.0
132,2009-10-13,3430.0,1140.0,9420.0
133,2009-10-14,3535.0,4080.0,6900.0
134,2009-10-15,3432.0,720.0,6660.0
135,2009-10-16,4052.0,376.0,318.0
136,2009-10-19,4093.0,1088.0,1064.0
137,2009-10-20,4127.0,188.0,1096.0
138,2009-10-21,4169.0,580.0,1464.0
139,2009-10-22,4177.0,924.0,1974.0
140,2009-10-23,4198.0,1020.0,2664.0
141,2009-10-26,4299.0,1228.0,3298.0
142,2009-10-27,4294.0,1810.0,4240.0
143,2009-10-28,4234.0,696.0,4456.0
144,2009-10-29,4199.0,364.0,4568.0
145,2009-10-30,4235.0,778.0,5050.0
146,2009-11-02,4275.0,844.0,5542.0
147,2009-11-03,4250.0,1404.0,6404.0
148,2009-11-04,4269.0,230.0,6448.0
149,2009-11-05,4328.0,2166.0,7858.0
150,2009-11-06,4414.0,7108.0,13474.0
151,2009-11-09,4528.0,21092.0,19838.0
152,2009-11-10,4501.0,14924.0,21798.0
153,2009-11-11,4544.0,27250.0,26238.0
154,2009-11-12,4530.0,21662.0,26962.0
155,2009-11-13,4582.0,21652.0,32896.0
156,2009-11-16,4601.0,17524.0,34106.0
157,2009-11-17,4606.0,14246.0,37558.0
158,2009-11-18,4640.0,18246.0,40976.0
159,2009-11-19,4715.0,25674.0,44942.0
160,2009-11-20,4717.0,14998.0,45310.0
161,2009-11-23,4745.0,16110.0,45892.0
162,2009-11-24,4684.0,22828.0,46106.0
163,2009-11-25,4743.0,20810.0,49678.0
164,2009-11-26,4738.0,17396.0,50490.0
165,2009-11-27,4568.0,26626.0,46814.0
166,2009-11-30,4644.0,15956.0,48264.0
167,2009-12-01,4641.0,14326.0,49976.0
168,2009-12-02,4685.0,15692.0,53862.0
169,2009-12-03,4704.0,15348.0,55466.0
170,2009-12-04,4690.0,15826.0,54478.0
171,2009-12-07,4721.0,23366.0,57706.0
172,2009-12-08,4684.0,19902.0,57418.0
173,2009-12-09,4643.0,13164.0,55792.0
174,2009-12-10,4664.0,25710.0,57724.0
175,2009-12-11,4740.0,27200.0,59146.0
176,2009-12-14,4748.0,24842.0,63910.0
177,2009-12-15,4713.0,25908.0,70072.0
178,2009-12-16,4710.0,12406.0,71678.0
179,2009-12-17,4684.0,13040.0,72420.0
180,2009-12-18,4661.0,13964.0,71972.0
181,2009-12-21,4670.0,18740.0,72460.0
182,2009-12-22,4651.0,13602.0,73336.0
183,2009-12-23,4640.0,14716.0,70976.0
184,2009-12-24,4685.0,15282.0,74086.0
185,2009-12-25,4689.0,16864.0,76038.0
186,2009-12-28,4725.0,21150.0,83788.0
187,2009-12-29,4700.0,18584.0,85130.0
188,2009-12-30,4688.0,12824.0,86132.0
189,2009-12-31,4702.0,10988.0,86782.0
190,2010-01-04,4735.0,23948.0,91592.0
191,2010-01-05,4743.0,10308.0,92468.0
192,2010-01-06,4803.0,51106.0,107322.0
193,2010-01-07,4730.0,132568.0,121972.0
194,2010-01-08,4743.0,166598.0,139346.0
195,2010-01-11,4834.0,163666.0,166010.0
196,2010-01-12,4802.0,159214.0,180040.0
197,2010-01-13,4725.0,129270.0,160054.0
198,2010-01-14,4742.0,83028.0,160326.0
199,2010-01-15,4678.0,123094.0,159522.0
200,2010-01-18,4704.0,104532.0,155006.0
201,2010-01-19,4712.0,95250.0,154878.0
202,2010-01-20,4692.0,97802.0,151016.0
203,2010-01-21,4698.0,79182.0,155304.0
204,2010-01-22,4600.0,145552.0,145956.0
205,2010-01-25,4583.0,133164.0,151812.0
206,2010-01-26,4586.0,147088.0,147282.0
207,2010-01-27,4612.0,129912.0,156738.0
208,2010-01-28,4594.0,144488.0,152246.0
209,2010-01-29,4607.0,87068.0,154466.0
210,2010-02-01,4592.0,105946.0,156754.0
211,2010-02-02,4417.0,449682.0,202382.0
212,2010-02-03,4482.0,349742.0,188170.0
213,2010-02-04,4435.0,230636.0,184978.0
214,2010-02-05,4415.0,237282.0,178476.0
215,2010-02-08,4432.0,109946.0,181236.0
216,2010-02-09,4453.0,96034.0,185046.0
217,2010-02-10,4511.0,163428.0,202684.0
218,2010-02-11,4520.0,100570.0,203178.0
219,2010-02-12,4593.0,139600.0,214586.0
220,2010-02-22,4556.0,235634.0,227882.0
221,2010-02-23,4607.0,279942.0,282696.0
222,2010-02-24,4601.0,250522.0,306754.0
223,2010-02-25,4597.0,443202.0,339664.0
224,2010-02-26,4620.0,430286.0,376660.0
225,2010-03-01,4677.0,694750.0,443312.0
226,2010-03-02,4609.0,850004.0,463304.0
227,2010-03-03,4586.0,857462.0,491082.0
228,2010-03-04,4528.0,1139868.0,519260.0
229,2010-03-05,4560.0,972182.0,526852.0
230,2010-03-08,4626.0,1078198.0,622494.0
231,2010-03-09,4636.0,1233638.0,690336.0
232,2010-03-10,4649.0,1473124.0,715950.0
233,2010-03-11,4652.0,2179364.0,808320.0
234,2010-03-12,4658.0,1492582.0,840734.0
235,2010-03-15,4660.0,1417516.0,816388.0
236,2010-03-16,4780.0,3010260.0,1017718.0
237,2010-03-17,4763.0,3359552.0,1148228.0
238,2010-03-18,4733.0,2106268.0,1083410.0
239,2010-03-19,4757.0,1684262.0,1095246.0
240,2010-03-22,4768.0,2049968.0,1112354.0
241,2010-03-23,4742.0,1517210.0,1117220.0
242,2010-03-24,4778.0,1723924.0,1056760.0
243,2010-03-25,4796.0,1511786.0,1088852.0
244,2010-03-26,4793.0,2573042.0,1136328.0
245,2010-03-29,4810.0,1763838.0,1157194.0
246,2010-03-30,4761.0,1950698.0,1182328.0
247,2010-03-31,4755.0,1408260.0,1114870.0
248,2010-04-01,4753.0,1429706.0,1105836.0
249,2010-04-02,4786.0,1031424.0,1080974.0
250,2010-04-06,4824.0,1307376.0,1084112.0
251,2010-04-07,4846.0,1288222.0,1181006.0
252,2010-04-08,4810.0,1165992.0,1224320.0
253,2010-04-09,4848.0,1302658.0,1232048.0
254,2010-04-12,4872.0,1533734.0,1251714.0
255,2010-04-13,4881.0,1749724.0,1282594.0
256,2010-04-14,4854.0,1743728.0,1408238.0
257,2010-04-15,4819.0,1949828.0,1433440.0
258,2010-04-16,4838.0,1656806.0,1434070.0
259,2010-04-19,4752.0,2397786.0,1284178.0
260,2010-04-20,4772.0,1686264.0,1303964.0
261,2010-04-21,4759.0,1698588.0,1315284.0
262,2010-04-22,4734.0,1372024.0,1370598.0
263,2010-04-23,4740.0,1211784.0,1334926.0
264,2010-04-26,4734.0,1249174.0,1354608.0
265,2010-04-27,4678.0,1613854.0,1268344.0
266,2010-04-28,4588.0,1844532.0,1244012.0
267,2010-04-29,4583.0,1839246.0,1268800.0
268,2010-04-30,4635.0,1755184.0,1170234.0
269,2010-05-04,4665.0,2101884.0,1186942.0
270,2010-05-05,4653.0,2260862.0,1273452.0
271,2010-05-06,4637.0,2128592.0,1234420.0
272,2010-05-07,4545.0,2467400.0,1164612.0
273,2010-05-10,4534.0,2868580.0,1248212.0
274,2010-05-11,4479.0,2786906.0,1212108.0
275,2010-05-12,4406.0,3290276.0,1241468.0
276,2010-05-13,4400.0,3072762.0,1297804.0
277,2010-05-14,4367.0,2932552.0,1269804.0
278,2010-05-17,4186.0,3300006.0,1042606.0
279,2010-05-18,4209.0,4119684.0,1041862.0
280,2010-05-19,4223.0,3850530.0,1023638.0
281,2010-05-20,4251.0,3534040.0,1111734.0
282,2010-05-21,4228.0,3508858.0,1110908.0
283,2010-05-24,4318.0,2764508.0,1175894.0
284,2010-05-25,4264.0,3080458.0,1093622.0
285,2010-05-26,4272.0,2833618.0,1170856.0
286,2010-05-27,4270.0,3119880.0,1225088.0
287,2010-05-28,4256.0,2863524.0,1199618.0
288,2010-05-31,4215.0,2445792.0,1216832.0
289,2010-06-01,4178.0,2637978.0,1194980.0
290,2010-06-02,4185.0,3162462.0,1199922.0
291,2010-06-03,4200.0,2346362.0,1187648.0
292,2010-06-04,4180.0,1565600.0,1130706.0
293,2010-06-07,4021.0,3841098.0,1189516.0
294,2010-06-08,4061.0,1724628.0,1108706.0
295,2010-06-09,4103.0,1783182.0,1064854.0
296,2010-06-10,4082.0,1456194.0,994730.0
297,2010-06-11,4111.0,1156696.0,904970.0
298,2010-06-17,4112.0,1009838.0,979222.0
299,2010-06-18,4088.0,1199582.0,1048366.0
300,2010-06-21,4163.0,2300688.0,1077552.0
301,2010-06-22,4138.0,1298120.0,1073596.0
302,2010-06-23,4080.0,2372220.0,1022420.0
303,2010-06-24,4101.0,1308862.0,984610.0
304,2010-06-25,4084.0,1070706.0,966066.0
305,2010-06-28,4039.0,2150916.0,978348.0
306,2010-06-29,3994.0,1921912.0,926822.0
307,2010-06-30,3985.0,1170668.0,841566.0
308,2010-07-01,3960.0,1226144.0,850456.0
309,2010-07-02,3975.0,1924718.0,827466.0
310,2010-07-05,3989.0,1474782.0,860436.0
311,2010-07-06,3964.0,1352474.0,864992.0
312,2010-07-07,3965.0,914838.0,852552.0
313,2010-07-08,3935.0,1464000.0,980932.0
314,2010-07-09,3950.0,1754442.0,909114.0
315,2010-07-12,3943.0,1167004.0,844098.0
316,2010-07-13,3917.0,788188.0,768088.0
317,2010-07-14,3906.0,613036.0,713666.0
318,2010-07-15,3909.0,397954.0,647852.0
319,2010-07-16,3916.0,253154.0,628120.0
320,2010-07-19,3966.0,469742.0,577268.0
321,2010-07-20,4014.0,335288.0,540732.0
322,2010-07-21,4022.0,252826.0,516420.0
323,2010-07-22,4018.0,148404.0,488668.0
324,2010-07-23,4052.0,245022.0,429076.0
325,2010-07-26,4040.0,188472.0,430534.0
326,2010-07-27,3983.0,257090.0,372830.0
327,2010-07-28,4021.0,160052.0,353956.0
328,2010-07-29,4019.0,123014.0,349406.0
329,2010-07-30,4068.0,193256.0,322074.0
330,2010-08-02,4118.0,140216.0,306460.0
331,2010-08-03,4097.0,111204.0,299484.0
332,2010-08-04,4112.0,82910.0,281276.0
333,2010-08-05,4099.0,76904.0,269248.0
334,2010-08-06,4114.0,49586.0,259326.0
335,2010-08-09,4168.0,127058.0,245148.0
336,2010-08-10,4160.0,53980.0,227610.0
337,2010-08-11,4169.0,75812.0,220712.0
338,2010-08-12,4120.0,63712.0,203768.0
339,2010-08-13,4145.0,35826.0,194084.0
340,2010-08-16,4165.0,51360.0,184220.0
341,2010-08-17,4175.0,40588.0,173492.0
342,2010-08-18,4177.0,29482.0,171478.0
343,2010-08-19,4188.0,29642.0,163398.0
344,2010-08-20,4158.0,36572.0,149848.0
345,2010-08-23,4126.0,34856.0,143028.0
346,2010-08-24,4120.0,21754.0,135326.0
347,2010-08-25,4107.0,23200.0,124390.0
348,2010-08-26,4129.0,9682.0,119132.0
349,2010-08-27,4144.0,11664.0,110230.0
350,2010-08-30,4181.0,16162.0,100798.0
351,2010-08-31,4187.0,28752.0,86854.0
352,2010-09-01,4218.0,21092.0,81728.0
353,2010-09-02,4263.0,22456.0,73482.0
354,2010-09-03,4258.0,9326.0,70222.0
355,2010-09-06,4468.0,29000.0,58790.0
356,2010-09-07,4466.0,24726.0,47540.0
357,2010-09-08,4460.0,9470.0,44222.0
358,2010-09-09,4384.0,23748.0,28946.0
359,2010-09-10,4437.0,4274.0,28294.0
360,2010-09-13,4439.0,4786.0,28308.0
361,2010-09-14,4397.0,6742.0,24812.0
362,2010-09-15,4391.0,3048.0,22772.0
363,2010-09-16,4358.0,5212.0,20800.0
364,2010-09-17,4360.0,2674.0,19450.0
365,2010-09-20,4367.0,4640.0,15850.0
366,2010-09-21,4301.0,4276.0,12704.0
367,2010-09-27,4240.0,3414.0,11584.0
368,2010-09-28,4190.0,1998.0,10732.0
369,2010-09-29,4171.0,2278.0,10010.0
370,2010-09-30,4180.0,2848.0,9274.0
371,2010-10-08,4250.0,1714.0,9060.0
372,2010-10-11,4345.0,3000.0,9000.0
373,2010-10-12,4273.0,660.0,8820.0
374,2010-10-13,4301.0,180.0,8760.0
375,2010-10-14,4283.0,600.0,9060.0
376,2010-10-15,4330.0,360.0,9300.0
377,2010-10-18,4652.0,660.0,380.0
378,2010-10-19,4647.0,444.0,528.0
379,2010-10-20,4572.0,360.0,600.0
380,2010-10-21,4593.0,626.0,824.0
381,2010-10-22,4582.0,180.0,884.0
382,2010-10-25,4650.0,440.0,988.0
383,2010-10-26,4633.0,452.0,1068.0
384,2010-10-27,4642.0,506.0,1242.0
385,2010-10-28,4650.0,662.0,1690.0
386,2010-10-29,4653.0,612.0,1990.0
387,2010-11-01,4682.0,1178.0,2652.0
388,2010-11-02,4688.0,354.0,2858.0
389,2010-11-03,4705.0,1414.0,3438.0
390,2010-11-04,4763.0,1888.0,4748.0
391,2010-11-05,4845.0,3802.0,6930.0
392,2010-11-08,4829.0,2470.0,6828.0
393,2010-11-09,4955.0,6368.0,10078.0
394,2010-11-10,4882.0,4434.0,11072.0
395,2010-11-11,4898.0,5314.0,12144.0
396,2010-11-12,4748.0,11640.0,12124.0
397,2010-11-15,4770.0,5000.0,13258.0
398,2010-11-16,4755.0,4106.0,13722.0
399,2010-11-17,4663.0,7510.0,13386.0
400,2010-11-18,4732.0,6132.0,14914.0
401,2010-11-19,4776.0,7410.0,16934.0
402,2010-11-22,4780.0,5456.0,19516.0
403,2010-11-23,4723.0,3966.0,19702.0
404,2010-11-24,4818.0,6050.0,22148.0
405,2010-11-25,4804.0,5838.0,23440.0
406,2010-11-26,4769.0,4632.0,23142.0
407,2010-11-29,4791.0,2488.0,23128.0
408,2010-11-30,4748.0,4576.0,23438.0
409,2010-12-01,4776.0,4784.0,25384.0
410,2010-12-02,4789.0,4864.0,26008.0
411,2010-12-03,4812.0,9206.0,29898.0
412,2010-12-06,4811.0,8880.0,32382.0
413,2010-12-07,4853.0,10840.0,36640.0
414,2010-12-08,4805.0,5326.0,35968.0
415,2010-12-09,4810.0,4164.0,37202.0
416,2010-12-10,4820.0,4254.0,37498.0
417,2010-12-13,4853.0,13068.0,38792.0
418,2010-12-14,4857.0,5344.0,39490.0
419,2010-12-15,4853.0,8880.0,42168.0
420,2010-12-16,4846.0,3982.0,42768.0
421,2010-12-17,4868.0,4022.0,43948.0
422,2010-12-20,4875.0,12012.0,46652.0
423,2010-12-21,4892.0,10014.0,51982.0
424,2010-12-22,4864.0,9190.0,52420.0
425,2010-12-23,4848.0,9104.0,53040.0
426,2010-12-24,4846.0,5748.0,53702.0
427,2010-12-27,4812.0,6004.0,53526.0
428,2010-12-28,4819.0,4000.0,53972.0
429,2010-12-29,4846.0,7028.0,54690.0
430,2010-12-30,4866.0,5250.0,54962.0
431,2010-12-31,4887.0,10036.0,58614.0
432,2011-01-04,4918.0,30656.0,71848.0
433,2011-01-05,4916.0,49050.0,93760.0
434,2011-01-06,4941.0,40244.0,113952.0
435,2011-01-07,4926.0,44538.0,113852.0
436,2011-01-10,4988.0,151286.0,158056.0
437,2011-01-11,4999.0,103286.0,178262.0
438,2011-01-12,4999.0,109852.0,179496.0
439,2011-01-13,5026.0,144224.0,222852.0
440,2011-01-14,5036.0,170720.0,241702.0
441,2011-01-17,5026.0,132756.0,248220.0
442,2011-01-18,5023.0,100720.0,242550.0
443,2011-01-19,5033.0,138264.0,259740.0
444,2011-01-20,5022.0,97912.0,242860.0
445,2011-01-21,5051.0,182132.0,267948.0
446,2011-01-24,5069.0,172504.0,296614.0
447,2011-01-25,5080.0,256550.0,318414.0
448,2011-01-26,5051.0,205176.0,319906.0
449,2011-01-27,5033.0,373962.0,327910.0
450,2011-01-28,5041.0,145966.0,309476.0
451,2011-01-31,5100.0,214662.0,354830.0
452,2011-02-01,5124.0,157314.0,344814.0
453,2011-02-09,5124.0,166064.0,378720.0
454,2011-02-10,5188.0,396576.0,501100.0
455,2011-02-11,5167.0,466606.0,480486.0
456,2011-02-14,5153.0,274470.0,489438.0
457,2011-02-15,5157.0,304650.0,495618.0
458,2011-02-16,5102.0,543684.0,497640.0
459,2011-02-17,5018.0,720920.0,521872.0
460,2011-02-18,4985.0,525722.0,548366.0
461,2011-02-21,5026.0,557856.0,587800.0
462,2011-02-22,5000.0,666140.0,597838.0
463,2011-02-23,4940.0,482982.0,629114.0
464,2011-02-24,4892.0,616964.0,682908.0
465,2011-02-25,4869.0,565278.0,678728.0
466,2011-02-28,4899.0,434022.0,651826.0
467,2011-03-01,4837.0,731978.0,708380.0
468,2011-03-02,4847.0,562724.0,693768.0
469,2011-03-03,4813.0,751100.0,761310.0
470,2011-03-04,4816.0,651168.0,743146.0
471,2011-03-07,4832.0,631320.0,770410.0
472,2011-03-08,4773.0,984616.0,781120.0
473,2011-03-09,4771.0,489862.0,781434.0
474,2011-03-10,4679.0,676322.0,823608.0
475,2011-03-11,4656.0,661172.0,797976.0
476,2011-03-14,4733.0,1037316.0,798722.0
477,2011-03-15,4774.0,1033572.0,772908.0
478,2011-03-16,4832.0,978500.0,734950.0
479,2011-03-17,4817.0,907000.0,718996.0
480,2011-03-18,4756.0,1146010.0,797818.0
481,2011-03-21,4653.0,1023590.0,822988.0
482,2011-03-22,4648.0,1033140.0,818008.0
483,2011-03-23,4728.0,1126490.0,791080.0
484,2011-03-24,4717.0,1152720.0,797750.0
485,2011-03-25,4730.0,795444.0,762456.0
486,2011-03-28,4779.0,1028210.0,715432.0
487,2011-03-29,4814.0,1028516.0,724372.0
488,2011-03-30,4794.0,938002.0,728002.0
489,2011-03-31,4794.0,771454.0,690710.0
490,2011-04-01,4780.0,608806.0,634050.0
491,2011-04-06,4874.0,864992.0,706736.0
492,2011-04-07,4884.0,689870.0,680536.0
493,2011-04-08,4906.0,663624.0,662366.0
494,2011-04-11,4920.0,782902.0,690536.0
495,2011-04-12,4903.0,722554.0,672600.0
496,2011-04-13,4922.0,790810.0,745686.0
497,2011-04-14,4907.0,753410.0,727450.0
498,2011-04-15,4827.0,1084022.0,738936.0
499,2011-04-18,4844.0,684450.0,715936.0
500,2011-04-19,4774.0,819568.0,682002.0
501,2011-04-20,4814.0,515118.0,664864.0
502,2011-04-21,4849.0,621160.0,648452.0
503,2011-04-22,4873.0,616360.0,633202.0
504,2011-04-25,4879.0,445524.0,645296.0
505,2011-04-26,4896.0,822422.0,684212.0
506,2011-04-27,4885.0,720386.0,705452.0
507,2011-04-28,4906.0,725214.0,687486.0
508,2011-04-29,4915.0,677640.0,690702.0
509,2011-05-03,4953.0,615802.0,762378.0
510,2011-05-04,4941.0,780342.0,790724.0
511,2011-05-05,4913.0,1149526.0,862822.0
512,2011-05-06,4804.0,1210132.0,829936.0
513,2011-05-09,4829.0,791070.0,813590.0
514,2011-05-10,4848.0,669430.0,785918.0
515,2011-05-11,4822.0,760998.0,802496.0
516,2011-05-12,4782.0,908112.0,835010.0
517,2011-05-13,4850.0,750692.0,772270.0
518,2011-05-16,4818.0,625414.0,755132.0
519,2011-05-17,4823.0,704750.0,713876.0
520,2011-05-18,4814.0,603848.0,725590.0
521,2011-05-19,4830.0,632336.0,703244.0
522,2011-05-20,4825.0,475234.0,669742.0
523,2011-05-23,4779.0,890966.0,812312.0
524,2011-05-24,4808.0,566942.0,755734.0
525,2011-05-25,4823.0,654382.0,634160.0
526,2011-05-26,4828.0,412936.0,628180.0
527,2011-05-27,4837.0,313608.0,611938.0
528,2011-05-30,4874.0,539472.0,651092.0
529,2011-05-31,4875.0,394798.0,640362.0
530,2011-06-01,4866.0,274402.0,633092.0
531,2011-06-02,4861.0,336312.0,605980.0
532,2011-06-03,4867.0,279022.0,617294.0
533,2011-06-07,4864.0,231614.0,607166.0
534,2011-06-08,4869.0,601300.0,608688.0
535,2011-06-09,4849.0,249354.0,604638.0
536,2011-06-10,4853.0,277644.0,615044.0
537,2011-06-13,4807.0,564454.0,674334.0
538,2011-06-14,4812.0,354396.0,655490.0
539,2011-06-15,4796.0,379038.0,688972.0
540,2011-06-16,4781.0,425240.0,715990.0
541,2011-06-17,4731.0,652846.0,750336.0
542,2011-06-20,4688.0,592942.0,791518.0
543,2011-06-21,4713.0,707462.0,759378.0
544,2011-06-22,4694.0,475884.0,749732.0
545,2011-06-23,4734.0,741634.0,783322.0
546,2011-06-24,4731.0,463758.0,738568.0
547,2011-06-27,4704.0,523074.0,733238.0
548,2011-06-28,4706.0,429408.0,738172.0
549,2011-06-29,4726.0,403054.0,713514.0
550,2011-06-30,4753.0,397386.0,688972.0
551,2011-07-01,4726.0,324670.0,675094.0
552,2011-07-04,4792.0,593074.0,682496.0
553,2011-07-05,4788.0,360500.0,669242.0
554,2011-07-06,4812.0,443732.0,701412.0
555,2011-07-07,4808.0,271504.0,699160.0
556,2011-07-08,4808.0,246078.0,678188.0
557,2011-07-11,4852.0,479844.0,703610.0
558,2011-07-12,4851.0,451366.0,669086.0
559,2011-07-13,4887.0,368078.0,669560.0
560,2011-07-14,4872.0,249828.0,669200.0
561,2011-07-15,4871.0,242850.0,658814.0
562,2011-07-18,4902.0,321730.0,653022.0
563,2011-07-19,4915.0,260458.0,646072.0
564,2011-07-20,4920.0,214792.0,595900.0
565,2011-07-21,4913.0,135100.0,579714.0
566,2011-07-22,4925.0,128804.0,562896.0
567,2011-07-25,4878.0,235244.0,536858.0
568,2011-07-26,4898.0,142480.0,511682.0
569,2011-07-27,4917.0,129560.0,463392.0
570,2011-07-28,4934.0,130958.0,438050.0
571,2011-07-29,4929.0,76998.0,428138.0
572,2011-08-01,4975.0,151324.0,417968.0
573,2011-08-02,4983.0,81716.0,404138.0
574,2011-08-03,4987.0,110882.0,379610.0
575,2011-08-04,4980.0,62082.0,355810.0
576,2011-08-05,4915.0,164828.0,305330.0
577,2011-08-08,4896.0,102488.0,276814.0
578,2011-08-09,4866.0,223402.0,190552.0
579,2011-08-10,4884.0,40708.0,176904.0
580,2011-08-11,4904.0,44862.0,166542.0
581,2011-08-12,4925.0,24892.0,166592.0
582,2011-08-15,4938.0,25016.0,155362.0
583,2011-08-16,4926.0,25680.0,146720.0
584,2011-08-17,4940.0,16130.0,138910.0
585,2011-08-18,4911.0,15914.0,133968.0
586,2011-08-19,4913.0,17786.0,123694.0
587,2011-08-22,4911.0,9910.0,118652.0
588,2011-08-23,4919.0,9478.0,115014.0
589,2011-08-24,4917.0,5442.0,111634.0
590,2011-08-25,4907.0,18246.0,99812.0
591,2011-08-26,4902.0,12066.0,91480.0
592,2011-08-29,4894.0,24292.0,76220.0
593,2011-08-30,4918.0,14550.0,65676.0
594,2011-08-31,4933.0,10916.0,58670.0
595,2011-09-01,4937.0,9150.0,51600.0
596,2011-09-02,4932.0,4216.0,48096.0
597,2011-09-05,4910.0,5660.0,45116.0
598,2011-09-06,4906.0,4524.0,42188.0
599,2011-09-07,4906.0,4546.0,38568.0
600,2011-09-08,4902.0,4022.0,35570.0
601,2011-09-09,4894.0,4602.0,32244.0
602,2011-09-13,4886.0,3722.0,29826.0
603,2011-09-14,4868.0,4698.0,26422.0
604,2011-09-15,4877.0,4512.0,23140.0
605,2011-09-16,4872.0,3960.0,20446.0
606,2011-09-19,4814.0,5088.0,16740.0
607,2011-09-20,4825.0,2392.0,16224.0
608,2011-09-21,4839.0,1150.0,15510.0
609,2011-09-22,4832.0,4120.0,13228.0
610,2011-09-23,4784.0,3732.0,11698.0
611,2011-09-26,4721.0,4150.0,9056.0
612,2011-09-27,4730.0,3538.0,7650.0
613,2011-09-28,4691.0,2918.0,5834.0
614,2011-09-29,4595.0,2706.0,3450.0
615,2011-09-30,4350.0,1288.0,2584.0
616,2011-10-10,4525.0,244.0,2580.0
617,2011-10-11,4460.0,1080.0,2040.0
618,2011-10-12,4405.0,1020.0,1920.0
619,2011-10-13,4360.0,540.0,1920.0
620,2011-10-14,4450.0,1560.0,1800.0
621,2011-10-17,4500.0,120.0,1800.0
622,2011-10-18,4195.0,70.0,24.0
623,2011-10-19,4127.0,40.0,40.0
624,2011-10-20,4012.0,166.0,102.0
625,2011-10-21,4090.0,74.0,142.0
626,2011-10-24,4171.0,372.0,222.0
627,2011-10-25,4126.0,168.0,284.0
628,2011-10-26,4128.0,82.0,312.0
629,2011-10-27,4148.0,62.0,310.0
630,2011-10-28,4230.0,126.0,284.0
631,2011-10-31,4170.0,128.0,332.0
632,2011-11-01,4114.0,120.0,400.0
633,2011-11-02,4100.0,418.0,526.0
634,2011-11-03,4070.0,322.0,626.0
635,2011-11-04,4171.0,330.0,600.0
636,2011-11-07,4149.0,118.0,576.0
637,2011-11-08,4165.0,100.0,590.0
638,2011-11-09,4180.0,130.0,664.0
639,2011-11-10,4049.0,7868.0,5548.0
640,2011-11-11,4107.0,8564.0,10846.0
641,2011-11-14,4156.0,4004.0,11202.0
642,2011-11-15,4124.0,2906.0,12716.0
643,2011-11-16,4117.0,2098.0,12666.0
644,2011-11-17,4144.0,1372.0,12702.0
645,2011-11-18,4130.0,1484.0,13140.0
646,2011-11-21,4086.0,4986.0,14474.0
647,2011-11-22,4100.0,1702.0,14722.0
648,2011-11-23,4054.0,2530.0,15468.0
649,2011-11-24,4068.0,6116.0,17848.0
650,2011-11-25,4043.0,4256.0,19702.0
651,2011-11-28,4077.0,2206.0,19634.0
652,2011-11-29,4107.0,4578.0,20220.0
653,2011-11-30,4055.0,5146.0,21448.0
654,2011-12-01,4125.0,13640.0,26716.0
655,2011-12-02,4119.0,3686.0,26472.0
656,2011-12-05,4132.0,4338.0,26180.0
657,2011-12-06,4131.0,4576.0,26328.0
658,2011-12-07,4153.0,3790.0,26134.0
659,2011-12-08,4144.0,5478.0,27026.0
660,2011-12-09,4138.0,3376.0,26946.0
661,2011-12-12,4140.0,3376.0,27034.0
662,2011-12-13,4140.0,5124.0,28192.0
663,2011-12-14,4150.0,5798.0,29316.0
664,2011-12-15,4111.0,11618.0,33480.0
665,2011-12-16,4170.0,13370.0,30242.0
666,2011-12-19,4158.0,6880.0,31270.0
667,2011-12-20,4156.0,3960.0,32590.0
668,2011-12-21,4159.0,13662.0,38306.0
669,2011-12-22,4169.0,7488.0,39206.0
670,2011-12-23,4197.0,13164.0,40062.0
671,2011-12-26,4206.0,13694.0,40488.0
672,2011-12-27,4211.0,4394.0,40758.0
673,2011-12-28,4215.0,8810.0,40496.0
674,2011-12-29,4185.0,15980.0,47642.0
675,2011-12-30,4180.0,19244.0,55826.0
676,2012-01-04,4148.0,23746.0,66404.0
677,2012-01-05,4164.0,14560.0,67008.0
678,2012-01-06,4175.0,6814.0,67670.0
679,2012-01-09,4162.0,10458.0,67910.0
680,2012-01-10,4186.0,13654.0,67140.0
681,2012-01-11,4192.0,15838.0,63348.0
682,2012-01-12,4192.0,8382.0,62124.0
683,2012-01-13,4197.0,9026.0,62238.0
684,2012-01-16,4202.0,11958.0,61414.0
685,2012-01-17,4275.0,31736.0,58358.0
686,2012-01-18,4321.0,47130.0,51442.0
687,2012-01-19,4333.0,13342.0,48108.0
688,2012-01-20,4337.0,9834.0,46820.0
689,2012-01-30,4335.0,11444.0,47052.0
690,2012-01-31,4318.0,15630.0,49790.0
691,2012-02-01,4306.0,9074.0,50548.0
692,2012-02-02,4332.0,11878.0,50332.0
693,2012-02-03,4347.0,19510.0,57192.0
694,2012-02-06,4336.0,36660.0,69408.0
695,2012-02-07,4287.0,52286.0,82732.0
696,2012-02-08,4338.0,39104.0,83624.0
697,2012-02-09,4311.0,45472.0,91970.0
698,2012-02-10,4296.0,44192.0,101796.0
699,2012-02-13,4273.0,53344.0,112586.0
700,2012-02-14,4266.0,25856.0,118584.0
701,2012-02-15,4223.0,85196.0,142786.0
702,2012-02-16,4182.0,111380.0,178784.0
703,2012-02-17,4161.0,161742.0,222734.0
704,2012-02-20,4185.0,144214.0,222296.0
705,2012-02-21,4233.0,260098.0,258374.0
706,2012-02-22,4238.0,226902.0,302286.0
707,2012-02-23,4219.0,276798.0,347890.0
708,2012-02-24,4224.0,240924.0,360622.0
709,2012-02-27,4282.0,382890.0,387674.0
710,2012-02-28,4291.0,308844.0,407594.0
711,2012-02-29,4295.0,413644.0,435168.0
712,2012-03-01,4281.0,534014.0,455702.0
713,2012-03-02,4299.0,456356.0,465446.0
714,2012-03-05,4267.0,669090.0,551168.0
715,2012-03-06,4268.0,536342.0,539444.0
716,2012-03-07,4253.0,484642.0,564836.0
717,2012-03-08,4281.0,563258.0,569716.0
718,2012-03-09,4319.0,612186.0,577316.0
719,2012-03-12,4335.0,468382.0,576982.0
720,2012-03-13,4341.0,392306.0,593444.0
721,2012-03-14,4325.0,676324.0,616210.0
722,2012-03-15,4337.0,528178.0,612814.0
723,2012-03-16,4335.0,517400.0,621602.0
724,2012-03-19,4343.0,432844.0,636916.0
725,2012-03-20,4333.0,452686.0,623888.0
726,2012-03-21,4358.0,588074.0,667340.0
727,2012-03-22,4355.0,659168.0,674628.0
728,2012-03-23,4347.0,422408.0,680868.0
729,2012-03-26,4354.0,372336.0,678352.0
730,2012-03-27,4367.0,407734.0,671392.0
731,2012-03-28,4345.0,451900.0,674062.0
732,2012-03-29,4320.0,540574.0,672526.0
733,2012-03-30,4324.0,345926.0,633168.0
734,2012-04-05,4354.0,605464.0,625232.0
735,2012-04-06,4385.0,549764.0,661546.0
736,2012-04-09,4379.0,574556.0,683320.0
737,2012-04-10,4384.0,394568.0,689470.0
738,2012-04-11,4377.0,523552.0,693124.0
739,2012-04-12,4392.0,462932.0,706234.0
740,2012-04-13,4377.0,621482.0,724314.0
741,2012-04-16,4329.0,594708.0,741412.0
742,2012-04-17,4322.0,476884.0,797950.0
743,2012-04-18,4342.0,564466.0,772084.0
744,2012-04-19,4315.0,605156.0,806406.0
745,2012-04-20,4313.0,586164.0,777478.0
746,2012-04-23,4281.0,665438.0,824890.0
747,2012-04-24,4270.0,527752.0,837318.0
748,2012-04-25,4274.0,558496.0,843210.0
749,2012-04-26,4290.0,418862.0,815718.0
750,2012-04-27,4269.0,353310.0,822962.0
751,2012-05-02,4245.0,519396.0,887738.0
752,2012-05-03,4239.0,533682.0,919550.0
753,2012-05-04,4256.0,418102.0,889260.0
754,2012-05-07,4221.0,407846.0,898932.0
755,2012-05-08,4213.0,371850.0,911356.0
756,2012-05-09,4186.0,580940.0,899800.0
757,2012-05-10,4190.0,332824.0,894218.0
758,2012-05-11,4150.0,492612.0,861212.0
759,2012-05-14,4135.0,745890.0,947592.0
760,2012-05-15,4090.0,924586.0,925666.0
761,2012-05-16,4050.0,607326.0,937712.0
762,2012-05-17,4092.0,638094.0,852884.0
763,2012-05-18,4074.0,686552.0,851364.0
764,2012-05-21,4090.0,606156.0,837528.0
765,2012-05-22,4074.0,809816.0,879042.0
766,2012-05-23,4019.0,1042850.0,931882.0
767,2012-05-24,4026.0,655206.0,921992.0
768,2012-05-25,4037.0,524750.0,892400.0
769,2012-05-28,4089.0,963548.0,865698.0
770,2012-05-29,4115.0,1030062.0,833710.0
771,2012-05-30,4100.0,953146.0,813640.0
772,2012-05-31,4103.0,973950.0,807896.0
773,2012-06-01,4095.0,944006.0,830054.0
774,2012-06-04,4033.0,1231588.0,860760.0
775,2012-06-05,4084.0,972224.0,733542.0
776,2012-06-06,4096.0,885018.0,724412.0
777,2012-06-07,4102.0,778964.0,706388.0
778,2012-06-08,4108.0,1191296.0,739728.0
779,2012-06-11,4123.0,741206.0,725218.0
780,2012-06-12,4100.0,712798.0,720776.0
781,2012-06-13,4102.0,533996.0,702018.0
782,2012-06-14,4110.0,481418.0,671926.0
783,2012-06-15,4122.0,409160.0,642464.0
784,2012-06-18,4129.0,364904.0,666680.0
785,2012-06-19,4126.0,256138.0,635290.0
786,2012-06-20,4143.0,483222.0,636454.0
787,2012-06-21,4118.0,379938.0,585392.0
788,2012-06-25,4107.0,463042.0,604280.0
789,2012-06-26,4076.0,617964.0,713346.0
790,2012-06-27,4063.0,484836.0,768006.0
791,2012-06-28,4085.0,379936.0,713198.0
792,2012-06-29,4068.0,843166.0,676846.0
793,2012-07-02,4044.0,854094.0,751256.0
794,2012-07-03,4078.0,653576.0,658896.0
795,2012-07-04,4089.0,640286.0,651698.0
796,2012-07-05,4094.0,450050.0,642628.0
797,2012-07-06,4089.0,283642.0,627244.0
798,2012-07-09,4050.0,425282.0,623452.0
799,2012-07-10,3995.0,555058.0,575580.0
800,2012-07-11,3991.0,357636.0,493122.0
801,2012-07-12,3985.0,162750.0,468630.0
802,2012-07-13,3995.0,134948.0,435024.0
803,2012-07-16,3941.0,196326.0,398118.0
804,2012-07-17,3901.0,156848.0,343702.0
805,2012-07-18,3909.0,108828.0,315978.0
806,2012-07-19,3877.0,106210.0,285068.0
807,2012-07-20,3797.0,119676.0,240700.0
808,2012-07-23,3758.0,160534.0,203554.0
809,2012-07-24,3787.0,99698.0,187098.0
810,2012-07-25,3792.0,74128.0,175778.0
811,2012-07-26,3809.0,34632.0,168660.0
812,2012-07-27,3841.0,48562.0,152376.0
813,2012-07-30,3845.0,31280.0,142686.0
814,2012-07-31,3849.0,29582.0,137062.0
815,2012-08-01,3785.0,45616.0,130566.0
816,2012-08-02,3760.0,23092.0,128166.0
817,2012-08-03,3739.0,39668.0,129362.0
818,2012-08-06,3752.0,26454.0,129132.0
819,2012-08-07,3740.0,17314.0,129348.0
820,2012-08-08,3720.0,23842.0,123968.0
821,2012-08-09,3725.0,11936.0,120522.0
822,2012-08-10,3740.0,17354.0,119654.0
823,2012-08-13,3718.0,10736.0,115262.0
824,2012-08-14,3701.0,17748.0,110260.0
825,2012-08-15,3701.0,15882.0,107566.0
826,2012-08-16,3690.0,6108.0,106372.0
827,2012-08-17,3663.0,11828.0,102652.0
828,2012-08-20,3644.0,7246.0,100312.0
829,2012-08-21,3631.0,11442.0,96870.0
830,2012-08-22,3612.0,15204.0,93638.0
831,2012-08-23,3584.0,24892.0,84538.0
832,2012-08-24,3558.0,9944.0,79696.0
833,2012-08-27,3566.0,6882.0,76850.0
834,2012-08-28,3533.0,16388.0,71712.0
835,2012-08-29,3518.0,29066.0,60222.0
836,2012-08-30,3530.0,20244.0,59128.0
837,2012-08-31,3490.0,7756.0,57530.0
838,2012-09-03,3428.0,11422.0,54482.0
839,2012-09-04,3375.0,18532.0,48380.0
840,2012-09-05,3330.0,12454.0,45086.0
841,2012-09-06,3376.0,13130.0,42940.0
842,2012-09-07,3465.0,15510.0,41432.0
843,2012-09-10,3515.0,10654.0,38744.0
844,2012-09-11,3492.0,8038.0,35346.0
845,2012-09-12,3471.0,4058.0,34376.0
846,2012-09-13,3465.0,3516.0,33110.0
847,2012-09-14,3527.0,6862.0,29890.0
848,2012-09-17,3560.0,4180.0,27864.0
849,2012-09-18,3588.0,4032.0,28160.0
850,2012-09-19,3654.0,2880.0,27798.0
851,2012-09-20,3605.0,5688.0,25712.0
852,2012-09-21,3618.0,2274.0,25264.0
853,2012-09-24,3671.0,2112.0,25216.0
854,2012-09-25,3670.0,2148.0,22480.0
855,2012-09-26,3651.0,1508.0,21954.0
856,2012-09-27,3664.0,2482.0,20946.0
857,2012-09-28,3650.0,1884.0,20466.0
858,2012-10-08,3711.0,426.0,20340.0
859,2012-10-09,3864.0,240.0,20160.0
860,2012-10-10,3900.0,120.0,20040.0
861,2012-10-11,3845.0,0.0,20040.0
862,2012-10-12,3845.0,0.0,20040.0
863,2012-10-15,3720.0,360.0,20340.0
864,2012-10-16,3637.0,528.0,456.0
865,2012-10-17,3700.0,194.0,542.0
866,2012-10-18,3725.0,194.0,638.0
867,2012-10-19,3706.0,502.0,918.0
868,2012-10-22,3762.0,242.0,962.0
869,2012-10-23,3730.0,466.0,1066.0
870,2012-10-24,3748.0,246.0,1120.0
871,2012-10-25,3727.0,324.0,1318.0
872,2012-10-26,3748.0,200.0,1382.0
873,2012-10-29,3680.0,770.0,1706.0
874,2012-10-30,3680.0,386.0,1744.0
875,2012-10-31,3683.0,282.0,1774.0
876,2012-11-01,3730.0,290.0,1804.0
877,2012-11-02,3724.0,234.0,1814.0
878,2012-11-05,3694.0,532.0,1836.0
879,2012-11-06,3701.0,254.0,1836.0
880,2012-11-07,3699.0,896.0,1910.0
881,2012-11-08,3691.0,358.0,1964.0
882,2012-11-09,3707.0,602.0,1954.0
883,2012-11-12,3733.0,466.0,1892.0
884,2012-11-13,3718.0,422.0,1950.0
885,2012-11-14,3709.0,644.0,2140.0
886,2012-11-15,3705.0,172.0,2206.0
887,2012-11-16,3702.0,158.0,2254.0
888,2012-11-19,3612.0,2094.0,2706.0
889,2012-11-20,3616.0,466.0,2720.0
890,2012-11-21,3636.0,674.0,2768.0
891,2012-11-22,3628.0,996.0,3104.0
892,2012-11-23,3630.0,390.0,3124.0
893,2012-11-26,3616.0,1010.0,3702.0
894,2012-11-27,3596.0,2106.0,4410.0
895,2012-11-28,3586.0,554.0,4518.0
896,2012-11-29,3530.0,2520.0,5562.0
897,2012-11-30,3558.0,1456.0,5702.0
898,2012-12-03,3612.0,2430.0,5426.0
899,2012-12-04,3623.0,1572.0,5896.0
900,2012-12-05,3677.0,2354.0,6028.0
901,2012-12-06,3658.0,3100.0,6934.0
902,2012-12-07,3714.0,3492.0,7422.0
903,2012-12-10,3743.0,4192.0,7810.0
904,2012-12-11,3725.0,4820.0,8102.0
905,2012-12-12,3746.0,2846.0,8484.0
906,2012-12-13,3735.0,2496.0,8398.0
907,2012-12-14,3823.0,5428.0,9060.0
908,2012-12-17,3844.0,5400.0,10154.0
909,2012-12-18,3846.0,5242.0,10586.0
910,2012-12-19,3840.0,3202.0,11264.0
911,2012-12-20,3816.0,4904.0,11840.0
912,2012-12-21,3817.0,4368.0,11754.0
913,2012-12-24,3826.0,3058.0,11394.0
914,2012-12-25,3910.0,11120.0,13546.0
915,2012-12-26,3928.0,8702.0,14558.0
916,2012-12-27,3912.0,19878.0,17586.0
917,2012-12-28,3948.0,9424.0,17788.0
918,2012-12-31,4020.0,22074.0,22734.0
919,2013-01-04,4028.0,12624.0,24478.0
920,2013-01-07,4042.0,24412.0,32078.0
921,2013-01-08,4049.0,17082.0,35554.0
922,2013-01-09,4035.0,14326.0,38436.0
923,2013-01-10,4053.0,24636.0,47410.0
924,2013-01-11,3950.0,48470.0,58494.0
925,2013-01-14,4029.0,54566.0,62308.0
926,2013-01-15,4006.0,33314.0,66382.0
927,2013-01-16,3957.0,55786.0,79350.0
928,2013-01-17,3972.0,38866.0,81944.0
929,2013-01-18,4025.0,38484.0,83478.0
930,2013-01-21,3996.0,43046.0,83608.0
931,2013-01-22,4018.0,45022.0,85974.0
932,2013-01-23,4081.0,47482.0,87748.0
933,2013-01-24,4064.0,71648.0,95696.0
934,2013-01-25,4116.0,73798.0,110116.0
935,2013-01-28,4127.0,72728.0,129086.0
936,2013-01-29,4128.0,41168.0,130522.0
937,2013-01-30,4179.0,119674.0,153578.0
938,2013-01-31,4189.0,128896.0,175684.0
939,2013-02-01,4221.0,143864.0,213698.0
940,2013-02-04,4257.0,263554.0,289184.0
941,2013-02-05,4284.0,933086.0,446112.0
942,2013-02-06,4214.0,1270340.0,492362.0
943,2013-02-07,4254.0,1508496.0,586476.0
944,2013-02-08,4275.0,1230546.0,625286.0
945,2013-02-18,4173.0,1711926.0,684774.0
946,2013-02-19,4186.0,2235174.0,824122.0
947,2013-02-20,4171.0,2488120.0,937888.0
948,2013-02-21,4085.0,3687920.0,930782.0
949,2013-02-22,4036.0,2204304.0,896062.0
950,2013-02-25,4016.0,2454538.0,1013830.0
951,2013-02-26,3956.0,2555394.0,1008308.0
952,2013-02-27,3985.0,3189356.0,1050706.0
953,2013-02-28,4053.0,2850614.0,1054902.0
954,2013-03-01,4020.0,3355966.0,1082892.0
955,2013-03-04,3905.0,3849710.0,1059834.0
956,2013-03-05,3939.0,2716096.0,1037108.0
957,2013-03-06,3937.0,2898962.0,982080.0
958,2013-03-07,3932.0,2965220.0,1072756.0
959,2013-03-08,3928.0,3281084.0,1092024.0
960,2013-03-11,3908.0,3337874.0,1133562.0
961,2013-03-12,3892.0,3068960.0,1171904.0
962,2013-03-13,3833.0,3500908.0,1366146.0
963,2013-03-14,3765.0,4004748.0,1364686.0
964,2013-03-15,3860.0,5026726.0,1271742.0
965,2013-03-18,3829.0,3577042.0,1195430.0
966,2013-03-19,3843.0,2203092.0,1204186.0
967,2013-03-20,3869.0,2625516.0,1220062.0
968,2013-03-21,3902.0,3353754.0,1297650.0
969,2013-03-22,3878.0,2310298.0,1256686.0
970,2013-03-25,3912.0,2660564.0,1326226.0
971,2013-03-26,3882.0,3247988.0,1350068.0
972,2013-03-27,3889.0,2457468.0,1359820.0
973,2013-03-28,3824.0,3561236.0,1322634.0
974,2013-03-29,3810.0,3018070.0,1236224.0
975,2013-04-01,3723.0,3542394.0,1306514.0
976,2013-04-02,3769.0,3538772.0,1270064.0
977,2013-04-03,3798.0,3385088.0,1213050.0
978,2013-04-08,3835.0,3242552.0,1234734.0
979,2013-04-09,3847.0,2947542.0,1266528.0
980,2013-04-10,3847.0,2389752.0,1263392.0
981,2013-04-11,3825.0,3273172.0,1305330.0
982,2013-04-12,3838.0,2996150.0,1303604.0
983,2013-04-15,3738.0,3987768.0,1343486.0
984,2013-04-16,3750.0,3767686.0,1246650.0
985,2013-04-17,3699.0,4528234.0,1385760.0
986,2013-04-18,3651.0,4790564.0,1309182.0
987,2013-04-19,3686.0,3372174.0,1237650.0
988,2013-04-22,3647.0,2922738.0,1316448.0
989,2013-04-23,3600.0,3521808.0,1419388.0
990,2013-04-24,3645.0,4241852.0,1386522.0
991,2013-04-25,3648.0,2396330.0,1354752.0
992,2013-04-26,3600.0,2970358.0,1354180.0
993,2013-05-02,3542.0,2305084.0,1483374.0
994,2013-05-03,3581.0,3389276.0,1508334.0
995,2013-05-06,3622.0,3028888.0,1586646.0
996,2013-05-07,3624.0,3265900.0,1523294.0
997,2013-05-08,3669.0,2720554.0,1506188.0
998,2013-05-09,3621.0,2967078.0,1582518.0
999,2013-05-10,3639.0,3589116.0,1592226.0
1000,2013-05-13,3656.0,4345924.0,1602764.0
1001,2013-05-14,3633.0,3436982.0,1574890.0
1002,2013-05-15,3554.0,3618224.0,1799162.0
1003,2013-05-16,3549.0,3824096.0,1907684.0
1004,2013-05-17,3622.0,6341490.0,1729264.0
1005,2013-05-20,3606.0,3901306.0,1753440.0
1006,2013-05-21,3590.0,3908044.0,1762772.0
1007,2013-05-22,3594.0,4240470.0,1821140.0
1008,2013-05-23,3553.0,3435060.0,1757896.0
1009,2013-05-24,3571.0,2843938.0,1675270.0
1010,2013-05-27,3496.0,3902784.0,1986072.0
1011,2013-05-28,3491.0,3063140.0,2004210.0
1012,2013-05-29,3439.0,3584080.0,2243676.0
1013,2013-05-30,3438.0,3320608.0,2219482.0
1014,2013-05-31,3416.0,3382890.0,2255896.0
1015,2013-06-03,3483.0,3917834.0,2072250.0
1016,2013-06-04,3478.0,2956270.0,1991328.0
1017,2013-06-05,3482.0,2330462.0,1893602.0
1018,2013-06-06,3421.0,3189430.0,1888554.0
1019,2013-06-07,3421.0,2436136.0,1795652.0
1020,2013-06-13,3422.0,2399476.0,1734358.0
1021,2013-06-14,3424.0,2815678.0,1779256.0
1022,2013-06-17,3477.0,3047306.0,1792016.0
1023,2013-06-18,3485.0,1845984.0,1815248.0
1024,2013-06-19,3526.0,3455300.0,1995066.0
1025,2013-06-20,3482.0,3944130.0,1791418.0
1026,2013-06-21,3516.0,5428592.0,1880368.0
1027,2013-06-24,3450.0,4130862.0,1673382.0
1028,2013-06-25,3456.0,3419640.0,1513390.0
1029,2013-06-26,3425.0,2039478.0,1494826.0
1030,2013-06-27,3471.0,2095732.0,1285126.0
1031,2013-06-28,3488.0,1223880.0,1115988.0
1032,2013-07-01,3484.0,758412.0,1032918.0
1033,2013-07-02,3504.0,546146.0,967294.0
1034,2013-07-03,3548.0,673242.0,853096.0
1035,2013-07-04,3549.0,367060.0,792328.0
1036,2013-07-05,3545.0,200008.0,755254.0
1037,2013-07-08,3537.0,272072.0,683166.0
1038,2013-07-09,3533.0,248770.0,646422.0
1039,2013-07-10,3560.0,241478.0,620386.0
1040,2013-07-11,3564.0,304910.0,591316.0
1041,2013-07-12,3575.0,141724.0,560918.0
1042,2013-07-15,3581.0,150674.0,544388.0
1043,2013-07-16,3588.0,85112.0,527654.0
1044,2013-07-17,3595.0,98720.0,509966.0
1045,2013-07-18,3590.0,54292.0,494812.0
1046,2013-07-19,3598.0,89656.0,466132.0
1047,2013-07-22,3589.0,63510.0,444202.0
1048,2013-07-23,3593.0,58846.0,419874.0
1049,2013-07-24,3606.0,63834.0,402666.0
1050,2013-07-25,3598.0,42564.0,385846.0
1051,2013-07-26,3583.0,57874.0,357348.0
1052,2013-07-29,3566.0,46428.0,335900.0
1053,2013-07-30,3561.0,34732.0,326238.0
1054,2013-07-31,3564.0,51574.0,315784.0
1055,2013-08-01,3574.0,21538.0,311828.0
1056,2013-08-02,3594.0,37204.0,308490.0
1057,2013-08-05,3605.0,32778.0,293894.0
1058,2013-08-06,3607.0,36302.0,283166.0
1059,2013-08-07,3628.0,52714.0,266490.0
1060,2013-08-08,3669.0,64296.0,247966.0
1061,2013-08-09,3675.0,42156.0,237340.0
1062,2013-08-12,3717.0,65362.0,207530.0
1063,2013-08-13,3727.0,43940.0,197058.0
1064,2013-08-14,3718.0,37964.0,183470.0
1065,2013-08-15,3700.0,27684.0,174646.0
1066,2013-08-16,3672.0,36236.0,168362.0
1067,2013-08-19,3658.0,34770.0,158044.0
1068,2013-08-20,3653.0,28242.0,149494.0
1069,2013-08-21,3632.0,17390.0,142148.0
1070,2013-08-22,3597.0,36306.0,131172.0
1071,2013-08-23,3627.0,21518.0,129212.0
1072,2013-08-26,3621.0,23146.0,128486.0
1073,2013-08-27,3622.0,18628.0,122878.0
1074,2013-08-28,3585.0,26216.0,117464.0
1075,2013-08-29,3569.0,23254.0,110582.0
1076,2013-08-30,3560.0,16514.0,107046.0
1077,2013-09-02,3562.0,14392.0,107614.0
1078,2013-09-03,3552.0,19114.0,102426.0
1079,2013-09-04,3549.0,10756.0,98652.0
1080,2013-09-05,3551.0,11638.0,91294.0
1081,2013-09-06,3540.0,7938.0,86632.0
1082,2013-09-09,3551.0,7130.0,83570.0
1083,2013-09-10,3543.0,6274.0,81772.0
1084,2013-09-11,3541.0,2946.0,80788.0
1085,2013-09-12,3541.0,7792.0,79270.0
1086,2013-09-13,3522.0,12942.0,73918.0
1087,2013-09-16,3515.0,9346.0,67738.0
1088,2013-09-17,3507.0,5254.0,64032.0
1089,2013-09-18,3510.0,8880.0,58528.0
1090,2013-09-23,3511.0,8996.0,52280.0
1091,2013-09-24,3503.0,5824.0,47762.0
1092,2013-09-25,3494.0,10210.0,39762.0
1093,2013-09-26,3479.0,16472.0,31136.0
1094,2013-09-27,3451.0,10836.0,23582.0
1095,2013-09-30,3442.0,9336.0,16664.0
1096,2013-10-08,3411.0,3344.0,13500.0
1097,2013-10-09,3390.0,4200.0,9960.0
1098,2013-10-10,3376.0,1620.0,8340.0
1099,2013-10-11,3395.0,840.0,7620.0
1100,2013-10-14,3371.0,600.0,7080.0
1101,2013-10-15,3375.0,360.0,6840.0
1102,2013-10-16,3765.0,274.0,174.0
1103,2013-10-17,3754.0,224.0,268.0
1104,2013-10-18,3682.0,20328.0,12950.0
1105,2013-10-21,3678.0,13032.0,19322.0
1106,2013-10-22,3673.0,5492.0,20964.0
1107,2013-10-23,3673.0,5664.0,22722.0
1108,2013-10-24,3659.0,3432.0,22750.0
1109,2013-10-25,3650.0,6474.0,23450.0
1110,2013-10-28,3643.0,4178.0,22554.0
1111,2013-10-29,3659.0,3218.0,23358.0
1112,2013-10-30,3696.0,5840.0,24552.0
1113,2013-10-31,3694.0,4826.0,26504.0
1114,2013-11-01,3730.0,10644.0,30204.0
1115,2013-11-04,3733.0,6338.0,31626.0
1116,2013-11-05,3727.0,5464.0,33220.0
1117,2013-11-06,3693.0,18494.0,39686.0
1118,2013-11-07,3719.0,33542.0,63300.0
1119,2013-11-08,3701.0,30806.0,88070.0
1120,2013-11-11,3700.0,30356.0,108750.0
1121,2013-11-12,3699.0,20256.0,121912.0
1122,2013-11-13,3674.0,28258.0,138336.0
1123,2013-11-14,3644.0,40578.0,160268.0
1124,2013-11-15,3624.0,40518.0,172526.0
1125,2013-11-18,3629.0,35256.0,182934.0
1126,2013-11-19,3661.0,39708.0,204124.0
1127,2013-11-20,3682.0,30670.0,217178.0
1128,2013-11-21,3653.0,17586.0,219060.0
1129,2013-11-22,3657.0,12564.0,218782.0
1130,2013-11-25,3671.0,17812.0,224722.0
1131,2013-11-26,3704.0,73876.0,252694.0
1132,2013-11-27,3698.0,19108.0,257288.0
1133,2013-11-28,3710.0,32872.0,274796.0
1134,2013-11-29,3708.0,22698.0,283284.0
1135,2013-12-02,3733.0,51062.0,305870.0
1136,2013-12-03,3748.0,35216.0,319042.0
1137,2013-12-04,3748.0,88924.0,377170.0
1138,2013-12-05,3731.0,49640.0,393596.0
1139,2013-12-06,3719.0,119938.0,476074.0
1140,2013-12-09,3746.0,61250.0,490884.0
1141,2013-12-10,3744.0,31590.0,498104.0
1142,2013-12-11,3772.0,128356.0,524836.0
1143,2013-12-12,3749.0,112422.0,575844.0
1144,2013-12-13,3711.0,144816.0,569916.0
1145,2013-12-16,3711.0,53132.0,568408.0
1146,2013-12-17,3710.0,60222.0,574948.0
1147,2013-12-18,3702.0,72100.0,565548.0
1148,2013-12-19,3694.0,85698.0,572240.0
1149,2013-12-20,3679.0,74940.0,569982.0
1150,2013-12-23,3659.0,99592.0,563224.0
1151,2013-12-24,3680.0,47368.0,568366.0
1152,2013-12-25,3663.0,62370.0,561372.0
1153,2013-12-26,3667.0,80440.0,561640.0
1154,2013-12-27,3673.0,81592.0,576340.0
1155,2013-12-30,3645.0,104370.0,587072.0
1156,2013-12-31,3645.0,111684.0,579452.0
1157,2014-01-02,3672.0,87316.0,579042.0
1158,2014-01-03,3636.0,138992.0,569320.0
1159,2014-01-06,3612.0,136696.0,563744.0
1160,2014-01-07,3570.0,183668.0,541700.0
1161,2014-01-08,3567.0,130566.0,541756.0
1162,2014-01-09,3554.0,111508.0,552006.0
1163,2014-01-10,3579.0,166714.0,569660.0
1164,2014-01-13,3550.0,98610.0,580296.0
1165,2014-01-14,3581.0,90996.0,581678.0
1166,2014-01-15,3583.0,71010.0,588342.0
1167,2014-01-16,3575.0,93222.0,589666.0
1168,2014-01-17,3555.0,107060.0,583068.0
1169,2014-01-20,3535.0,116146.0,585676.0
1170,2014-01-21,3490.0,194154.0,628452.0
1171,2014-01-22,3508.0,128986.0,624776.0
1172,2014-01-23,3547.0,150170.0,620536.0
1173,2014-01-24,3570.0,129968.0,621804.0
1174,2014-01-27,3564.0,97178.0,621732.0
1175,2014-01-28,3527.0,137614.0,612114.0
1176,2014-01-29,3528.0,99312.0,601984.0
1177,2014-01-30,3537.0,84402.0,600556.0
1178,2014-02-07,3500.0,120100.0,624158.0
1179,2014-02-10,3515.0,209776.0,676962.0
1180,2014-02-11,3480.0,185024.0,700274.0
1181,2014-02-12,3484.0,154854.0,724294.0
1182,2014-02-13,3492.0,225788.0,737908.0
1183,2014-02-14,3516.0,261182.0,770026.0
1184,2014-02-17,3554.0,483054.0,884638.0
1185,2014-02-18,3532.0,326338.0,914116.0
1186,2014-02-19,3533.0,285780.0,956714.0
1187,2014-02-20,3490.0,369854.0,974752.0
1188,2014-02-21,3482.0,295946.0,1035684.0
1189,2014-02-24,3430.0,630260.0,1023730.0
1190,2014-02-25,3413.0,480358.0,1045762.0
1191,2014-02-26,3417.0,464348.0,1046452.0
1192,2014-02-27,3440.0,505380.0,1054746.0
1193,2014-02-28,3412.0,648882.0,1084830.0
1194,2014-03-03,3426.0,1055706.0,1118298.0
1195,2014-03-04,3409.0,1316748.0,1205134.0
1196,2014-03-05,3423.0,2003504.0,1276708.0
1197,2014-03-06,3388.0,1639254.0,1402296.0
1198,2014-03-07,3335.0,2593584.0,1615348.0
1199,2014-03-10,3221.0,1547872.0,1642986.0
1200,2014-03-11,3236.0,2838730.0,1519850.0
1201,2014-03-12,3254.0,3159628.0,1650522.0
1202,2014-03-13,3284.0,2265162.0,1652640.0
1203,2014-03-14,3262.0,2095746.0,1678554.0
1204,2014-03-17,3229.0,2095964.0,1749124.0
1205,2014-03-18,3240.0,2215350.0,1735142.0
1206,2014-03-19,3242.0,2278624.0,1782028.0
1207,2014-03-20,3230.0,2621828.0,1771492.0
1208,2014-03-21,3220.0,2690310.0,1817176.0
1209,2014-03-24,3213.0,2403414.0,1927104.0
1210,2014-03-25,3287.0,4139074.0,1934416.0
1211,2014-03-26,3275.0,1924026.0,1914626.0
1212,2014-03-27,3269.0,2310856.0,1884442.0
1213,2014-03-28,3307.0,2425214.0,1844754.0
1214,2014-03-31,3328.0,2564106.0,1885346.0
1215,2014-04-01,3331.0,1668948.0,1895238.0
1216,2014-04-02,3317.0,2100082.0,1979114.0
1217,2014-04-03,3336.0,2085484.0,1931950.0
1218,2014-04-04,3372.0,2226006.0,1930628.0
1219,2014-04-08,3414.0,2354892.0,1912244.0
1220,2014-04-09,3384.0,1868136.0,1953718.0
1221,2014-04-10,3368.0,2138006.0,2012070.0
1222,2014-04-11,3360.0,1780520.0,2039264.0
1223,2014-04-14,3360.0,2492596.0,1969124.0
1224,2014-04-15,3369.0,2006394.0,1974872.0
1225,2014-04-16,3329.0,2099342.0,2052922.0
1226,2014-04-17,3324.0,1542468.0,2063784.0
1227,2014-04-18,3245.0,3201112.0,2064662.0
1228,2014-04-21,3235.0,1428492.0,2030240.0
1229,2014-04-22,3244.0,2154884.0,1995910.0
1230,2014-04-23,3266.0,2239166.0,1961378.0
1231,2014-04-24,3283.0,2356824.0,1939726.0
1232,2014-04-25,3276.0,1564756.0,1916820.0
1233,2014-04-28,3222.0,1942172.0,1963936.0
1234,2014-04-29,3248.0,1848226.0,1874704.0
1235,2014-04-30,3227.0,1441202.0,1901300.0
1236,2014-05-05,3238.0,1698470.0,1883836.0
1237,2014-05-06,3225.0,1505276.0,1874680.0
1238,2014-05-07,3195.0,2484126.0,1896356.0
1239,2014-05-08,3181.0,2125730.0,1928384.0
1240,2014-05-09,3168.0,1775258.0,2032596.0
1241,2014-05-12,3193.0,2050244.0,2017262.0
1242,2014-05-13,3165.0,1784628.0,2039246.0
1243,2014-05-14,3166.0,1489994.0,2036486.0
1244,2014-05-15,3131.0,1974658.0,2154638.0
1245,2014-05-16,3090.0,2660116.0,2218336.0
1246,2014-05-19,3080.0,2610682.0,2226070.0
1247,2014-05-20,3068.0,1942194.0,2238202.0
1248,2014-05-21,3075.0,2248696.0,2150690.0
1249,2014-05-22,3079.0,2761430.0,2094096.0
1250,2014-05-23,3081.0,1680760.0,2071328.0
1251,2014-05-26,3140.0,2753950.0,1839978.0
1252,2014-05-27,3144.0,1714528.0,1784900.0
1253,2014-05-28,3116.0,2123098.0,1840938.0
1254,2014-05-29,3111.0,1509232.0,1794108.0
1255,2014-05-30,3056.0,2382866.0,1912636.0
1256,2014-06-03,3057.0,1874874.0,1970174.0
1257,2014-06-04,3061.0,1628800.0,1932578.0
1258,2014-06-05,3067.0,2458340.0,1938826.0
1259,2014-06-06,3079.0,2035658.0,1838346.0
1260,2014-06-09,3064.0,1694312.0,1856136.0
1261,2014-06-10,3068.0,2473368.0,1890506.0
1262,2014-06-11,3046.0,1734420.0,1940310.0
1263,2014-06-12,3027.0,1792726.0,1948214.0
1264,2014-06-13,3029.0,2031862.0,1936712.0
1265,2014-06-16,3001.0,2032034.0,2153526.0
1266,2014-06-17,3018.0,2207960.0,2157526.0
1267,2014-06-18,3009.0,1468542.0,2130640.0
1268,2014-06-19,3009.0,1592270.0,2079866.0
1269,2014-06-20,3044.0,2709728.0,1992646.0
1270,2014-06-23,3072.0,2300392.0,1889014.0
1271,2014-06-24,3064.0,1704490.0,1873336.0
1272,2014-06-25,3079.0,1605680.0,1800718.0
1273,2014-06-26,3115.0,2398494.0,1753342.0
1274,2014-06-27,3088.0,1650420.0,1653302.0
1275,2014-06-30,3076.0,1335024.0,1558656.0
1276,2014-07-01,3069.0,1441298.0,1484996.0
1277,2014-07-02,3097.0,1760900.0,1274240.0
1278,2014-07-03,3083.0,845736.0,1234914.0
1279,2014-07-04,3084.0,688790.0,1176392.0
1280,2014-07-07,3075.0,728938.0,1133176.0
1281,2014-07-08,3098.0,497458.0,1088982.0
1282,2014-07-09,3078.0,388184.0,1040062.0
1283,2014-07-10,3092.0,577624.0,994540.0
1284,2014-07-11,3106.0,427176.0,954964.0
1285,2014-07-14,3120.0,410108.0,900604.0
1286,2014-07-15,3120.0,250596.0,851502.0
1287,2014-07-16,3116.0,185978.0,816164.0
1288,2014-07-17,3105.0,183626.0,792650.0
1289,2014-07-18,3062.0,426702.0,733852.0
1290,2014-07-21,3055.0,261458.0,706952.0
1291,2014-07-22,3062.0,168178.0,681048.0
1292,2014-07-23,3063.0,192718.0,643890.0
1293,2014-07-24,3057.0,222328.0,629114.0
1294,2014-07-25,3064.0,136630.0,601016.0
1295,2014-07-28,3093.0,171030.0,579944.0
1296,2014-07-29,3115.0,201794.0,541898.0
1297,2014-07-30,3093.0,119902.0,532268.0
1298,2014-07-31,3097.0,67248.0,521936.0
1299,2014-08-01,3090.0,100056.0,509040.0
1300,2014-08-04,3116.0,117188.0,492950.0
1301,2014-08-05,3122.0,208822.0,455958.0
1302,2014-08-06,3121.0,163952.0,450530.0
1303,2014-08-07,3109.0,126764.0,432194.0
1304,2014-08-08,3101.0,98066.0,403614.0
1305,2014-08-11,3085.0,154196.0,356038.0
1306,2014-08-12,3085.0,61886.0,339568.0
1307,2014-08-13,3075.0,85482.0,323354.0
1308,2014-08-14,3052.0,65692.0,308298.0
1309,2014-08-15,3061.0,53274.0,294136.0
1310,2014-08-18,3052.0,42718.0,287778.0
1311,2014-08-19,3049.0,46318.0,279046.0
1312,2014-08-20,3024.0,53730.0,269930.0
1313,2014-08-21,2993.0,109100.0,251876.0
1314,2014-08-22,2999.0,59958.0,241152.0
1315,2014-08-25,2990.0,45048.0,231200.0
1316,2014-08-26,2995.0,40346.0,218010.0
1317,2014-08-27,2973.0,32956.0,211896.0
1318,2014-08-28,2927.0,97466.0,204906.0
1319,2014-08-29,2891.0,96718.0,176186.0
1320,2014-09-01,2856.0,99942.0,143348.0
1321,2014-09-02,2861.0,55324.0,138934.0
1322,2014-09-03,2792.0,59496.0,131574.0
1323,2014-09-04,2752.0,38922.0,127536.0
1324,2014-09-05,2749.0,22574.0,120706.0
1325,2014-09-09,2704.0,28834.0,111070.0
1326,2014-09-10,2696.0,40030.0,99056.0
1327,2014-09-11,2676.0,17258.0,98004.0
1328,2014-09-12,2713.0,16312.0,92602.0
1329,2014-09-15,2733.0,22498.0,87374.0
1330,2014-09-16,2695.0,12620.0,85350.0
1331,2014-09-17,2696.0,11048.0,83560.0
1332,2014-09-18,2664.0,10442.0,82466.0
1333,2014-09-19,2600.0,29266.0,79882.0
1334,2014-09-22,2506.0,29410.0,70874.0
1335,2014-09-23,2485.0,15682.0,66110.0
1336,2014-09-24,2503.0,14800.0,61842.0
1337,2014-09-25,2496.0,15718.0,56524.0
1338,2014-09-26,2547.0,27388.0,47168.0
1339,2014-09-29,2522.0,20372.0,35216.0
1340,2014-09-30,2452.0,20518.0,22924.0
1341,2014-10-08,2480.0,8464.0,18420.0
1342,2014-10-09,2503.0,6900.0,14160.0
1343,2014-10-10,2495.0,7500.0,10980.0
1344,2014-10-13,2588.0,6360.0,9720.0
1345,2014-10-14,2618.0,2760.0,8520.0
1346,2014-10-15,2571.0,780.0,7980.0
1347,2014-10-16,2642.0,1566.0,700.0
1348,2014-10-17,2631.0,2122.0,1328.0
1349,2014-10-20,2639.0,2810.0,2224.0
1350,2014-10-21,2623.0,1474.0,2692.0
1351,2014-10-22,2577.0,6360.0,5430.0
1352,2014-10-23,2595.0,29882.0,24914.0
1353,2014-10-24,2593.0,12892.0,26738.0
1354,2014-10-27,2576.0,45592.0,51342.0
1355,2014-10-28,2550.0,34796.0,65604.0
1356,2014-10-29,2585.0,37940.0,72048.0
1357,2014-10-30,2600.0,39252.0,70312.0
1358,2014-10-31,2582.0,27374.0,70902.0
1359,2014-11-03,2571.0,35614.0,69268.0
1360,2014-11-04,2582.0,25188.0,70160.0
1361,2014-11-05,2537.0,22706.0,75570.0
1362,2014-11-06,2548.0,22066.0,76680.0
1363,2014-11-07,2561.0,20502.0,80074.0
1364,2014-11-10,2578.0,21744.0,80974.0
1365,2014-11-11,2575.0,32134.0,92134.0
1366,2014-11-12,2571.0,17044.0,93940.0
1367,2014-11-13,2545.0,32122.0,103730.0
1368,2014-11-14,2535.0,28456.0,111870.0
1369,2014-11-17,2517.0,31844.0,121946.0
1370,2014-11-18,2445.0,92842.0,153756.0
1371,2014-11-19,2428.0,95708.0,180478.0
1372,2014-11-20,2419.0,97642.0,209794.0
1373,2014-11-21,2407.0,147236.0,233080.0
1374,2014-11-24,2421.0,165024.0,227324.0
1375,2014-11-25,2428.0,135930.0,237854.0
1376,2014-11-26,2424.0,91806.0,241560.0
1377,2014-11-27,2512.0,182050.0,232826.0
1378,2014-11-28,2523.0,282876.0,252306.0
1379,2014-12-01,2512.0,204144.0,266392.0
1380,2014-12-02,2494.0,227602.0,277946.0
1381,2014-12-03,2525.0,250252.0,273404.0
1382,2014-12-04,2549.0,336742.0,273340.0
1383,2014-12-05,2546.0,211126.0,273010.0
1384,2014-12-08,2529.0,240724.0,284140.0
1385,2014-12-09,2546.0,362922.0,328670.0
1386,2014-12-10,2556.0,205440.0,319450.0
1387,2014-12-11,2554.0,242028.0,309056.0
1388,2014-12-12,2581.0,187464.0,309950.0
1389,2014-12-15,2566.0,91256.0,307724.0
1390,2014-12-16,2539.0,161624.0,309784.0
1391,2014-12-17,2534.0,121674.0,307420.0
1392,2014-12-18,2575.0,262186.0,315020.0
1393,2014-12-19,2597.0,269702.0,332090.0
1394,2014-12-22,2563.0,232834.0,326732.0
1395,2014-12-23,2530.0,265606.0,296922.0
1396,2014-12-24,2546.0,204312.0,289656.0
1397,2014-12-25,2515.0,275176.0,294432.0
1398,2014-12-26,2521.0,144844.0,289384.0
1399,2014-12-29,2562.0,227140.0,324576.0
1400,2014-12-30,2637.0,479646.0,372582.0
1401,2014-12-31,2617.0,288258.0,366168.0
1402,2015-01-05,2589.0,159400.0,373514.0
1403,2015-01-06,2639.0,381522.0,412966.0
1404,2015-01-07,2609.0,244838.0,426810.0
1405,2015-01-08,2602.0,191572.0,431114.0
1406,2015-01-09,2579.0,226614.0,420142.0
1407,2015-01-12,2521.0,322214.0,416204.0
1408,2015-01-13,2520.0,182992.0,416720.0
1409,2015-01-14,2506.0,299684.0,415966.0
1410,2015-01-15,2531.0,246296.0,435844.0
1411,2015-01-16,2528.0,189006.0,439356.0
1412,2015-01-19,2528.0,341826.0,447466.0
1413,2015-01-20,2504.0,200508.0,460264.0
1414,2015-01-21,2496.0,225174.0,471244.0
1415,2015-01-22,2502.0,188644.0,472922.0
1416,2015-01-23,2506.0,262406.0,490984.0
1417,2015-01-26,2485.0,297910.0,485628.0
1418,2015-01-27,2495.0,187090.0,500418.0
1419,2015-01-28,2502.0,158610.0,517100.0
1420,2015-01-29,2536.0,318434.0,555280.0
1421,2015-01-30,2525.0,200216.0,593046.0
1422,2015-02-02,2538.0,301502.0,647554.0
1423,2015-02-03,2540.0,474088.0,707214.0
1424,2015-02-04,2538.0,797746.0,808856.0
1425,2015-02-05,2542.0,559858.0,829098.0
1426,2015-02-06,2556.0,642274.0,831102.0
1427,2015-02-09,2546.0,737512.0,869678.0
1428,2015-02-10,2558.0,339944.0,853104.0
1429,2015-02-11,2558.0,259518.0,845356.0
1430,2015-02-12,2548.0,422212.0,857632.0
1431,2015-02-13,2567.0,651856.0,831120.0
1432,2015-02-16,2586.0,657396.0,869244.0
1433,2015-02-17,2580.0,371536.0,877762.0
1434,2015-02-25,2552.0,335242.0,871382.0
1435,2015-02-26,2578.0,454852.0,933490.0
1436,2015-02-27,2555.0,902284.0,1004416.0
1437,2015-03-02,2583.0,2084120.0,1247070.0
1438,2015-03-03,2573.0,1818088.0,1216020.0
1439,2015-03-04,2565.0,1204940.0,1253304.0
1440,2015-03-05,2523.0,2670808.0,1449742.0
1441,2015-03-06,2485.0,1954442.0,1552054.0
1442,2015-03-09,2486.0,3254646.0,1562434.0
1443,2015-03-10,2453.0,2391878.0,1599006.0
1444,2015-03-11,2471.0,2204398.0,1579462.0
1445,2015-03-12,2496.0,2646136.0,1572834.0
1446,2015-03-13,2493.0,2484292.0,1594010.0
1447,2015-03-16,2520.0,2887758.0,1765824.0
1448,2015-03-17,2512.0,2039234.0,1737060.0
1449,2015-03-18,2483.0,4334196.0,1725474.0
1450,2015-03-19,2482.0,2041408.0,1706378.0
1451,2015-03-20,2481.0,1774980.0,1725054.0
1452,2015-03-23,2548.0,4785718.0,1922120.0
1453,2015-03-24,2542.0,4221476.0,2103290.0
1454,2015-03-25,2507.0,3109514.0,2088390.0
1455,2015-03-26,2491.0,2949506.0,2092662.0
1456,2015-03-27,2477.0,6043130.0,2110134.0
1457,2015-03-30,2451.0,4261190.0,2159268.0
1458,2015-03-31,2431.0,5247554.0,2429446.0
1459,2015-04-01,2390.0,5869210.0,2739722.0
1460,2015-04-02,2342.0,7905188.0,3041786.0
1461,2015-04-03,2341.0,6098706.0,3145268.0
1462,2015-04-07,2311.0,4374424.0,3624170.0
1463,2015-04-08,2324.0,7162492.0,3625926.0
1464,2015-04-09,2290.0,4823818.0,3685426.0
1465,2015-04-10,2266.0,4749620.0,3800820.0
1466,2015-04-13,2329.0,8377910.0,3799408.0
1467,2015-04-14,2324.0,7287328.0,3703712.0
1468,2015-04-15,2297.0,4532636.0,3771342.0
1469,2015-04-16,2318.0,5042842.0,3630552.0
1470,2015-04-17,2311.0,4649630.0,3584152.0
1471,2015-04-20,2279.0,6266020.0,3845800.0
1472,2015-04-21,2281.0,4252402.0,3929950.0
1473,2015-04-22,2327.0,6974766.0,3866734.0
1474,2015-04-23,2323.0,5507632.0,3594430.0
1475,2015-04-24,2378.0,9322642.0,3359744.0
1476,2015-04-27,2408.0,8738302.0,3280756.0
1477,2015-04-28,2398.0,5879950.0,3175130.0
1478,2015-04-29,2340.0,7285772.0,3156726.0
1479,2015-04-30,2365.0,5412820.0,3017818.0
1480,2015-05-04,2413.0,4834698.0,3016110.0
1481,2015-05-05,2428.0,7536936.0,2980574.0
1482,2015-05-06,2430.0,6223092.0,2851946.0
1483,2015-05-07,2407.0,4835314.0,2842652.0
1484,2015-05-08,2412.0,5401672.0,2752800.0
1485,2015-05-11,2421.0,4298216.0,2782154.0
1486,2015-05-12,2391.0,3813042.0,2816192.0
1487,2015-05-13,2383.0,3721250.0,2808210.0
1488,2015-05-14,2363.0,5247184.0,2881492.0
1489,2015-05-15,2372.0,2802208.0,2881486.0
1490,2015-05-18,2349.0,2535766.0,2959456.0
1491,2015-05-19,2342.0,2609006.0,2918988.0
1492,2015-05-20,2314.0,3605960.0,2825762.0
1493,2015-05-21,2344.0,3321110.0,2808738.0
1494,2015-05-22,2351.0,3699272.0,2742096.0
1495,2015-05-25,2347.0,3046606.0,2779526.0
1496,2015-05-26,2351.0,4809814.0,2723568.0
1497,2015-05-27,2355.0,2552564.0,2719244.0
1498,2015-05-28,2355.0,3100416.0,2634738.0
1499,2015-05-29,2359.0,3197716.0,2516918.0
1500,2015-06-01,2372.0,4129768.0,2506374.0
1501,2015-06-02,2375.0,2592372.0,2453376.0
1502,2015-06-03,2349.0,2404222.0,2451870.0
1503,2015-06-04,2356.0,3077860.0,2355650.0
1504,2015-06-05,2341.0,2524844.0,2379106.0
1505,2015-06-08,2334.0,1898566.0,2375180.0
1506,2015-06-09,2337.0,2066772.0,2337004.0
1507,2015-06-10,2336.0,2709874.0,2434288.0
1508,2015-06-11,2355.0,3117692.0,2430106.0
1509,2015-06-12,2299.0,3983034.0,2759080.0
1510,2015-06-15,2281.0,3325350.0,2866710.0
1511,2015-06-16,2243.0,3921078.0,3088346.0
1512,2015-06-17,2223.0,4536168.0,3103402.0
1513,2015-06-18,2245.0,3378246.0,3063476.0
1514,2015-06-19,2246.0,3010142.0,2929690.0
1515,2015-06-23,2239.0,2102086.0,2977038.0
1516,2015-06-24,2241.0,2497894.0,3053352.0
1517,2015-06-25,2218.0,2870778.0,3091870.0
1518,2015-06-26,2213.0,3994394.0,3024568.0
1519,2015-06-29,2181.0,3658666.0,2995694.0
1520,2015-06-30,2135.0,7807732.0,2495642.0
1521,2015-07-01,2124.0,3659918.0,2552394.0
1522,2015-07-02,2124.0,4505638.0,2295538.0
1523,2015-07-03,2121.0,3551970.0,2287966.0
1524,2015-07-06,2027.0,3390786.0,2467546.0
1525,2015-07-07,1957.0,7005452.0,2189122.0
1526,2015-07-08,1891.0,9237660.0,1711600.0
1527,2015-07-09,2004.0,7051156.0,1542726.0
1528,2015-07-10,2007.0,4587426.0,1607812.0
1529,2015-07-13,2008.0,2661184.0,1573422.0
1530,2015-07-14,2007.0,1806312.0,1537048.0
1531,2015-07-15,1990.0,1765154.0,1564474.0
1532,2015-07-16,2005.0,2515104.0,1456178.0
1533,2015-07-17,2006.0,1423034.0,1428950.0
1534,2015-07-20,2073.0,2148588.0,1352176.0
1535,2015-07-21,2047.0,1227390.0,1295806.0
1536,2015-07-22,2000.0,1253014.0,1248876.0
1537,2015-07-23,2011.0,1036006.0,1232794.0
1538,2015-07-24,1997.0,884520.0,1197062.0
1539,2015-07-27,2027.0,1132012.0,1063074.0
1540,2015-07-28,2030.0,953714.0,985402.0
1541,2015-07-29,2083.0,1190190.0,906094.0
1542,2015-07-30,2073.0,867286.0,874216.0
1543,2015-07-31,2117.0,1183606.0,898950.0
1544,2015-08-03,2114.0,1905406.0,845374.0
1545,2015-08-04,2125.0,759866.0,773938.0
1546,2015-08-05,2127.0,544324.0,687322.0
1547,2015-08-06,2123.0,532690.0,642096.0
1548,2015-08-07,2116.0,489788.0,588632.0
1549,2015-08-10,2094.0,492630.0,549292.0
1550,2015-08-11,2074.0,495966.0,520464.0
1551,2015-08-12,2098.0,293336.0,487546.0
1552,2015-08-13,2132.0,465186.0,419866.0
1553,2015-08-14,2123.0,183522.0,402566.0
1554,2015-08-17,2099.0,141192.0,400424.0
1555,2015-08-18,2099.0,146674.0,384388.0
1556,2015-08-19,2088.0,247426.0,363898.0
1557,2015-08-20,2052.0,251366.0,362990.0
1558,2015-08-21,2028.0,224876.0,352352.0
1559,2015-08-24,1959.0,408472.0,290064.0
1560,2015-08-25,1954.0,334710.0,244742.0
1561,2015-08-26,1969.0,182034.0,241520.0
1562,2015-08-27,1978.0,136900.0,231570.0
1563,2015-08-28,1983.0,169406.0,222990.0
1564,2015-08-31,1963.0,116044.0,201536.0
1565,2015-09-01,1974.0,60418.0,189268.0
1566,2015-09-02,1967.0,34934.0,177172.0
1567,2015-09-07,1936.0,55342.0,164284.0
1568,2015-09-08,1954.0,34988.0,154014.0
1569,2015-09-09,1967.0,77882.0,138812.0
1570,2015-09-10,1978.0,27440.0,133644.0
1571,2015-09-11,1967.0,29006.0,128244.0
1572,2015-09-14,1959.0,23852.0,121232.0
1573,2015-09-15,1946.0,24312.0,112586.0
1574,2015-09-16,1966.0,18344.0,107748.0
1575,2015-09-17,1968.0,27918.0,101956.0
1576,2015-09-18,1960.0,15760.0,98166.0
1577,2015-09-21,1956.0,18264.0,90372.0
1578,2015-09-22,1951.0,14988.0,82524.0
1579,2015-09-23,1957.0,17858.0,75002.0
1580,2015-09-24,1933.0,17596.0,65874.0
1581,2015-09-25,1920.0,19090.0,60308.0
1582,2015-09-28,1872.0,28596.0,50116.0
1583,2015-09-29,1842.0,28250.0,32456.0
1584,2015-09-30,1767.0,32908.0,18236.0
1585,2015-10-08,1769.0,7436.0,11580.0
1586,2015-10-09,1781.0,3960.0,9180.0
1587,2015-10-12,1708.0,5940.0,7680.0
1588,2015-10-13,1780.0,1740.0,6960.0
1589,2015-10-14,1774.0,960.0,6960.0
1590,2015-10-15,1755.0,2520.0,6420.0
1591,2015-10-16,1869.0,3824.0,3052.0
1592,2015-10-19,1860.0,4214.0,5482.0
1593,2015-10-20,1852.0,2100.0,6402.0
1594,2015-10-21,1841.0,5244.0,9076.0
1595,2015-10-22,1834.0,2570.0,9736.0
1596,2015-10-23,1830.0,5902.0,13132.0
1597,2015-10-26,1819.0,3618.0,14522.0
1598,2015-10-27,1822.0,7544.0,16662.0
1599,2015-10-28,1819.0,3464.0,17632.0
1600,2015-10-29,1821.0,3366.0,19162.0
1601,2015-10-30,1822.0,5238.0,21856.0
1602,2015-11-02,1822.0,3556.0,22426.0
1603,2015-11-03,1804.0,6594.0,24508.0
1604,2015-11-04,1792.0,10128.0,28622.0
1605,2015-11-05,1784.0,10948.0,34676.0
1606,2015-11-06,1804.0,15436.0,40310.0
1607,2015-11-09,1818.0,14358.0,45364.0
1608,2015-11-10,1813.0,12062.0,43932.0
1609,2015-11-11,1795.0,10856.0,45550.0
1610,2015-11-12,1779.0,23592.0,55094.0
1611,2015-11-13,1770.0,24194.0,67574.0
1612,2015-11-16,1761.0,24784.0,76418.0
1613,2015-11-17,1760.0,31064.0,93000.0
1614,2015-11-18,1741.0,31602.0,106496.0
1615,2015-11-19,1710.0,79868.0,133604.0
1616,2015-11-20,1706.0,49648.0,141472.0
1617,2015-11-23,1666.0,92838.0,162312.0
1618,2015-11-24,1672.0,59332.0,177894.0
1619,2015-11-25,1683.0,103454.0,175058.0
1620,2015-11-26,1695.0,117308.0,177206.0
1621,2015-11-27,1668.0,56630.0,187200.0
1622,2015-11-30,1634.0,76842.0,205262.0
1623,2015-12-01,1643.0,58024.0,213352.0
1624,2015-12-02,1691.0,185632.0,201010.0
1625,2015-12-03,1663.0,143378.0,193328.0
1626,2015-12-04,1683.0,106546.0,213732.0
1627,2015-12-07,1697.0,108670.0,227742.0
1628,2015-12-08,1679.0,76552.0,226746.0
1629,2015-12-09,1680.0,42718.0,228020.0
1630,2015-12-10,1675.0,46180.0,229976.0
1631,2015-12-11,1685.0,37788.0,228716.0
1632,2015-12-14,1693.0,48842.0,232970.0
1633,2015-12-15,1686.0,99772.0,247916.0
1634,2015-12-16,1698.0,28030.0,247364.0
1635,2015-12-17,1695.0,123074.0,268658.0
1636,2015-12-18,1726.0,108306.0,291326.0
1637,2015-12-21,1771.0,253644.0,299116.0
1638,2015-12-22,1757.0,168968.0,310566.0
1639,2015-12-23,1743.0,104102.0,313978.0
1640,2015-12-24,1750.0,85604.0,311244.0
1641,2015-12-25,1761.0,38910.0,315282.0
1642,2015-12-28,1759.0,82938.0,319320.0
1643,2015-12-29,1807.0,271148.0,339454.0
1644,2015-12-30,1794.0,347836.0,335886.0
1645,2015-12-31,1800.0,216586.0,340050.0
1646,2016-01-04,1791.0,197286.0,354758.0
1647,2016-01-05,1796.0,191812.0,362332.0
1648,2016-01-06,1783.0,191376.0,377484.0
1649,2016-01-07,1781.0,153178.0,377998.0
1650,2016-01-08,1769.0,195328.0,391144.0
1651,2016-01-11,1766.0,189602.0,402056.0
1652,2016-01-12,1748.0,193420.0,396168.0
1653,2016-01-13,1752.0,115066.0,405088.0
1654,2016-01-14,1771.0,140414.0,405742.0
1655,2016-01-15,1784.0,218258.0,422930.0
1656,2016-01-18,1835.0,395096.0,472534.0
1657,2016-01-19,1848.0,239154.0,511534.0
1658,2016-01-20,1821.0,304670.0,548014.0
1659,2016-01-21,1812.0,192136.0,553282.0
1660,2016-01-22,1822.0,336948.0,602560.0
1661,2016-01-25,1836.0,256674.0,628732.0
1662,2016-01-26,1841.0,171660.0,636856.0
1663,2016-01-27,1851.0,332518.0,680204.0
1664,2016-01-28,1818.0,409184.0,673718.0
1665,2016-01-29,1817.0,280950.0,685894.0
1666,2016-02-01,1821.0,327060.0,689800.0
1667,2016-02-02,1817.0,323158.0,686130.0
1668,2016-02-03,1825.0,275122.0,673948.0
1669,2016-02-04,1851.0,408990.0,652516.0
1670,2016-02-05,1843.0,247948.0,676336.0
1671,2016-02-15,1871.0,422842.0,794134.0
1672,2016-02-16,1864.0,402854.0,867334.0
1673,2016-02-17,1860.0,444426.0,909262.0
1674,2016-02-18,1866.0,466846.0,956304.0
1675,2016-02-19,1875.0,774936.0,1061580.0
1676,2016-02-22,1922.0,1593014.0,1184086.0
1677,2016-02-23,1910.0,1128804.0,1206448.0
1678,2016-02-24,1904.0,958932.0,1238694.0
1679,2016-02-25,1895.0,1118168.0,1220136.0
1680,2016-02-26,1888.0,1178244.0,1213226.0
1681,2016-02-29,1921.0,1542396.0,1249424.0
1682,2016-03-01,1947.0,2012248.0,1298010.0
1683,2016-03-02,1976.0,1886702.0,1391358.0
1684,2016-03-03,1959.0,1848742.0,1459396.0
1685,2016-03-04,1995.0,2869432.0,1512572.0
1686,2016-03-07,2072.0,2502608.0,1592680.0
1687,2016-03-08,2191.0,4651236.0,1443566.0
1688,2016-03-09,2058.0,6715152.0,1269322.0
1689,2016-03-10,2086.0,8035450.0,1509926.0
1690,2016-03-11,2025.0,5421854.0,1649222.0
1691,2016-03-14,1986.0,7468574.0,1876880.0
1692,2016-03-15,1972.0,6206632.0,1982310.0
1693,2016-03-16,2008.0,5064118.0,2125684.0
1694,2016-03-17,2078.0,8370102.0,2207256.0
1695,2016-03-18,2118.0,12070078.0,2411642.0
1696,2016-03-21,2147.0,15519554.0,2715948.0
1697,2016-03-22,2158.0,10235742.0,2637684.0
1698,2016-03-23,2193.0,15313536.0,2589898.0
1699,2016-03-24,2120.0,17616140.0,2456366.0
1700,2016-03-25,2184.0,13761106.0,2597908.0
1701,2016-03-28,2132.0,15282150.0,2704478.0
1702,2016-03-29,2159.0,12704180.0,2832060.0
1703,2016-03-30,2113.0,15421990.0,2982268.0
1704,2016-03-31,2136.0,10882762.0,2807376.0
1705,2016-04-01,2193.0,11332698.0,2849612.0
1706,2016-04-05,2194.0,7784670.0,3140770.0
1707,2016-04-06,2182.0,9508160.0,3437272.0
1708,2016-04-07,2191.0,8191230.0,3571450.0
1709,2016-04-08,2196.0,7519084.0,3548056.0
1710,2016-04-11,2293.0,13939432.0,4180004.0
1711,2016-04-12,2344.0,12889096.0,4273062.0
1712,2016-04-13,2353.0,19138022.0,4129856.0
1713,2016-04-14,2324.0,11451662.0,4028986.0
1714,2016-04-15,2300.0,10863312.0,3711280.0
1715,2016-04-18,2391.0,11825572.0,3715410.0
1716,2016-04-19,2494.0,14327034.0,3533946.0
1717,2016-04-20,2592.0,15687854.0,3329118.0
1718,2016-04-21,2750.0,22361440.0,2797426.0
1719,2016-04-22,2619.0,21928680.0,2671432.0
1720,2016-04-25,2643.0,19860714.0,2778040.0
1721,2016-04-26,2554.0,13828216.0,2927298.0
1722,2016-04-27,2500.0,14117966.0,2892336.0
1723,2016-04-28,2539.0,12590112.0,2901482.0
1724,2016-04-29,2580.0,11065856.0,2705042.0
1725,2016-05-03,2451.0,6087006.0,2702042.0
1726,2016-05-04,2381.0,8158556.0,2902036.0
1727,2016-05-05,2309.0,8843630.0,3010258.0
1728,2016-05-06,2336.0,9851786.0,3079210.0
1729,2016-05-09,2175.0,8700040.0,3311408.0
1730,2016-05-10,2147.0,10220650.0,2981232.0
1731,2016-05-11,2146.0,9657606.0,3045482.0
1732,2016-05-12,2074.0,8472638.0,3340930.0
1733,2016-05-13,2030.0,10298962.0,3500184.0
1734,2016-05-16,2052.0,8318498.0,3430758.0
1735,2016-05-17,2114.0,8366662.0,3195814.0
1736,2016-05-18,2055.0,10649982.0,2961602.0
1737,2016-05-19,2043.0,8679626.0,3041332.0
1738,2016-05-20,2062.0,7550934.0,3092190.0
1739,2016-05-23,1947.0,7824686.0,2946832.0
1740,2016-05-24,1958.0,6755808.0,2962564.0
1741,2016-05-25,1916.0,6905020.0,3045028.0
1742,2016-05-26,1953.0,7416702.0,3043898.0
1743,2016-05-27,2033.0,11215608.0,2923206.0
1744,2016-05-30,1990.0,10207570.0,2854180.0
1745,2016-05-31,1978.0,7125598.0,2941886.0
1746,2016-06-01,1955.0,5423698.0,2968202.0
1747,2016-06-02,1954.0,4834340.0,3035662.0
1748,2016-06-03,1988.0,5065658.0,2937758.0
1749,2016-06-06,2059.0,7362346.0,2941864.0
1750,2016-06-07,2077.0,6342670.0,2758772.0
1751,2016-06-08,2099.0,7473444.0,2478334.0
1752,2016-06-13,2170.0,6223922.0,2596912.0
1753,2016-06-14,2072.0,8418904.0,2447134.0
1754,2016-06-15,2067.0,5505990.0,2452108.0
1755,2016-06-16,2074.0,5954174.0,2476248.0
1756,2016-06-17,2074.0,5880856.0,2375822.0
1757,2016-06-20,2062.0,4848484.0,2389908.0
1758,2016-06-21,2082.0,5592902.0,2480160.0
1759,2016-06-22,2143.0,6999164.0,2631158.0
1760,2016-06-23,2141.0,5478706.0,2686078.0
1761,2016-06-24,2126.0,5838818.0,2639884.0
1762,2016-06-27,2268.0,7599160.0,2806212.0
1763,2016-06-28,2265.0,5887680.0,2691696.0
1764,2016-06-29,2241.0,5861356.0,2608036.0
1765,2016-06-30,2337.0,7704152.0,2505608.0
1766,2016-07-01,2349.0,7083518.0,2313042.0
1767,2016-07-04,2424.0,9112380.0,2073208.0
1768,2016-07-05,2402.0,7311714.0,1971480.0
1769,2016-07-06,2378.0,8042726.0,1982898.0
1770,2016-07-07,2387.0,8375194.0,2077216.0
1771,2016-07-08,2445.0,8376194.0,2413392.0
1772,2016-07-11,2430.0,7469210.0,2276468.0
1773,2016-07-12,2558.0,7774606.0,2561784.0
1774,2016-07-13,2516.0,6880472.0,2494614.0
1775,2016-07-14,2524.0,5581728.0,2493862.0
1776,2016-07-15,2527.0,6070020.0,2463646.0
1777,2016-07-18,2362.0,7009522.0,2509524.0
1778,2016-07-19,2297.0,7458256.0,2326466.0
1779,2016-07-20,2310.0,5487648.0,2295432.0
1780,2016-07-21,2396.0,7426584.0,2261552.0
1781,2016-07-22,2310.0,6666442.0,2172398.0
1782,2016-07-25,2342.0,7003380.0,2116832.0
1783,2016-07-26,2379.0,5557718.0,2159444.0
1784,2016-07-27,2418.0,7734528.0,1903086.0
1785,2016-07-28,2480.0,7475414.0,1936284.0
1786,2016-07-29,2412.0,5494102.0,1891324.0
1787,2016-08-01,2495.0,6510646.0,1796142.0
1788,2016-08-02,2514.0,4636956.0,1857660.0
1789,2016-08-03,2497.0,4146122.0,1844192.0
1790,2016-08-04,2453.0,5642740.0,1922344.0
1791,2016-08-05,2538.0,5161852.0,1864868.0
1792,2016-08-08,2607.0,4988876.0,1968322.0
1793,2016-08-09,2589.0,4572794.0,1909702.0
1794,2016-08-10,2587.0,4624264.0,1905536.0
1795,2016-08-11,2594.0,4269190.0,1963378.0
1796,2016-08-12,2577.0,3689742.0,1859538.0
1797,2016-08-15,2571.0,4053394.0,1783176.0
1798,2016-08-16,2648.0,4320198.0,1775446.0
1799,2016-08-17,2589.0,3099566.0,1524614.0
1800,2016-08-18,2575.0,2091794.0,1356986.0
1801,2016-08-19,2553.0,1409522.0,1185748.0
1802,2016-08-22,2524.0,1083452.0,998034.0
1803,2016-08-23,2550.0,717280.0,915470.0
1804,2016-08-24,2555.0,412776.0,802194.0
1805,2016-08-25,2554.0,695926.0,633348.0
1806,2016-08-26,2518.0,363852.0,586088.0
1807,2016-08-29,2513.0,407244.0,521678.0
1808,2016-08-30,2477.0,313592.0,465536.0
1809,2016-08-31,2420.0,314710.0,407612.0
1810,2016-09-01,2442.0,244550.0,377828.0
1811,2016-09-02,2438.0,222948.0,345348.0
1812,2016-09-05,2442.0,167714.0,316038.0
1813,2016-09-06,2436.0,124762.0,299596.0
1814,2016-09-07,2370.0,211276.0,268380.0
1815,2016-09-08,2374.0,107134.0,246796.0
1816,2016-09-09,2334.0,185036.0,234146.0
1817,2016-09-12,2248.0,155176.0,207686.0
1818,2016-09-13,2226.0,105440.0,182802.0
1819,2016-09-14,2234.0,84612.0,160076.0
1820,2016-09-19,2228.0,45520.0,145824.0
1821,2016-09-20,2249.0,61798.0,132104.0
1822,2016-09-21,2254.0,37302.0,118620.0
1823,2016-09-22,2272.0,70296.0,103342.0
1824,2016-09-23,2286.0,34634.0,96912.0
1825,2016-09-26,2282.0,45838.0,82752.0
1826,2016-09-27,2215.0,56952.0,76248.0
1827,2016-09-28,2228.0,31704.0,64764.0
1828,2016-09-29,2208.0,37360.0,49392.0
1829,2016-09-30,2163.0,43410.0,30054.0
1830,2016-10-10,2187.0,6294.0,25620.0
1831,2016-10-11,2211.0,11820.0,17280.0
1832,2016-10-12,2260.0,11880.0,9960.0
1833,2016-10-13,2225.0,2460.0,8400.0
1834,2016-10-14,2273.0,1620.0,7500.0
1835,2016-10-17,2370.0,2220.0,6480.0
1836,2016-10-18,2430.0,8852.0,5446.0
1837,2016-10-19,2423.0,15166.0,11842.0
1838,2016-10-20,2447.0,10394.0,14932.0
1839,2016-10-21,2423.0,12606.0,18472.0
1840,2016-10-24,2430.0,13246.0,22842.0
1841,2016-10-25,2528.0,19964.0,27576.0
1842,2016-10-26,2510.0,25220.0,31238.0
1843,2016-10-27,2522.0,27458.0,41210.0
1844,2016-10-28,2588.0,16306.0,41738.0
1845,2016-10-31,2624.0,32336.0,46812.0
1846,2016-11-01,2609.0,24670.0,46402.0
1847,2016-11-02,2595.0,27920.0,50354.0
1848,2016-11-03,2640.0,23244.0,50812.0
1849,2016-11-04,2640.0,50042.0,47100.0
1850,2016-11-07,2791.0,51128.0,53050.0
1851,2016-11-08,2744.0,39994.0,54504.0
1852,2016-11-09,2938.0,62390.0,59276.0
1853,2016-11-10,2968.0,87678.0,53428.0
1854,2016-11-11,3101.0,79544.0,55824.0
1855,2016-11-14,2982.0,119374.0,48938.0
1856,2016-11-15,2883.0,45174.0,49244.0
1857,2016-11-16,2841.0,68916.0,50568.0
1858,2016-11-17,2844.0,58704.0,51162.0
1859,2016-11-18,2784.0,68766.0,56826.0
1860,2016-11-21,2742.0,61126.0,61516.0
1861,2016-11-22,2918.0,83738.0,65034.0
1862,2016-11-23,2984.0,95544.0,68172.0
1863,2016-11-24,3018.0,116672.0,64998.0
1864,2016-11-25,3231.0,110574.0,70602.0
1865,2016-11-28,3308.0,125130.0,68556.0
1866,2016-11-29,3050.0,132706.0,66706.0
1867,2016-11-30,2982.0,77438.0,66454.0
1868,2016-12-01,3159.0,180836.0,74084.0
1869,2016-12-02,3087.0,172918.0,89558.0
1870,2016-12-05,3168.0,145488.0,91338.0
1871,2016-12-06,3183.0,102636.0,93172.0
1872,2016-12-07,3343.0,145702.0,103786.0
1873,2016-12-08,3352.0,127048.0,104080.0
1874,2016-12-09,3298.0,170246.0,113512.0
1875,2016-12-12,3380.0,178822.0,127062.0
1876,2016-12-13,3435.0,105070.0,133408.0
1877,2016-12-14,3309.0,157550.0,137406.0
1878,2016-12-15,3349.0,174636.0,141180.0
1879,2016-12-16,3234.0,139978.0,139778.0
1880,2016-12-19,3120.0,147944.0,142430.0
1881,2016-12-20,3111.0,160744.0,139236.0
1882,2016-12-21,3117.0,148642.0,136404.0
1883,2016-12-22,2977.0,166616.0,153152.0
1884,2016-12-23,2943.0,179444.0,157764.0
1885,2016-12-26,2887.0,260306.0,175036.0
1886,2016-12-27,2960.0,185552.0,170298.0
1887,2016-12-28,2937.0,224642.0,179894.0
1888,2016-12-29,2909.0,229358.0,191774.0
1889,2016-12-30,2831.0,169188.0,197362.0
1890,2017-01-03,2821.0,172002.0,197798.0
1891,2017-01-04,2881.0,246528.0,216428.0
1892,2017-01-05,2895.0,183548.0,216808.0
1893,2017-01-06,2857.0,190426.0,221026.0
1894,2017-01-09,2984.0,226220.0,226908.0
1895,2017-01-10,3108.0,248200.0,227366.0
1896,2017-01-11,3109.0,257130.0,231306.0
1897,2017-01-12,3126.0,249928.0,235006.0
1898,2017-01-13,3112.0,221844.0,241012.0
1899,2017-01-16,3284.0,318140.0,253460.0
1900,2017-01-17,3223.0,283388.0,243770.0
1901,2017-01-18,3216.0,273056.0,245456.0
1902,2017-01-19,3205.0,305732.0,230406.0
1903,2017-01-20,3150.0,259978.0,232974.0
1904,2017-01-23,3133.0,225456.0,235758.0
1905,2017-01-24,3233.0,318110.0,248070.0
1906,2017-01-25,3230.0,195738.0,250914.0
1907,2017-01-26,3283.0,220264.0,261782.0
1908,2017-02-03,3089.0,327034.0,281574.0
1909,2017-02-06,3057.0,434062.0,307882.0
1910,2017-02-07,3109.0,570850.0,330610.0
1911,2017-02-08,3175.0,635414.0,356862.0
1912,2017-02-09,3148.0,431190.0,393464.0
1913,2017-02-10,3263.0,785202.0,438768.0
1914,2017-02-13,3363.0,863360.0,466552.0
1915,2017-02-14,3363.0,628500.0,482710.0
1916,2017-02-15,3317.0,783960.0,495246.0
1917,2017-02-16,3312.0,1261342.0,539098.0
1918,2017-02-17,3360.0,733410.0,563452.0
1919,2017-02-20,3404.0,874494.0,613384.0
1920,2017-02-21,3434.0,547394.0,622916.0
1921,2017-02-22,3399.0,587402.0,624152.0
1922,2017-02-23,3367.0,824382.0,647568.0
1923,2017-02-24,3382.0,811800.0,676148.0
1924,2017-02-27,3463.0,1085152.0,688816.0
1925,2017-02-28,3327.0,882050.0,712302.0
1926,2017-03-01,3388.0,952188.0,723850.0
1927,2017-03-02,3397.0,755812.0,695020.0
1928,2017-03-03,3373.0,1141814.0,744934.0
1929,2017-03-06,3284.0,1302276.0,821958.0
1930,2017-03-07,3321.0,972744.0,873568.0
1931,2017-03-08,3236.0,1189324.0,940036.0
1932,2017-03-09,3206.0,1270084.0,979770.0
1933,2017-03-10,3203.0,1114500.0,973432.0
1934,2017-03-13,3342.0,1926046.0,952258.0
1935,2017-03-14,3300.0,1240166.0,921872.0
1936,2017-03-15,3415.0,2805496.0,1006870.0
1937,2017-03-16,3439.0,1943052.0,1184786.0
1938,2017-03-17,3369.0,2007724.0,1243734.0
1939,2017-03-20,3334.0,2693626.0,1382082.0
1940,2017-03-21,3229.0,2970956.0,1550554.0
1941,2017-03-22,3117.0,3525616.0,1832902.0
1942,2017-03-23,3127.0,2961120.0,1967156.0
1943,2017-03-24,3140.0,4315812.0,2086352.0
1944,2017-03-27,3057.0,4210368.0,2172364.0
1945,2017-03-28,3050.0,3860972.0,2311302.0
1946,2017-03-29,3169.0,4705728.0,2384386.0
1947,2017-03-30,3142.0,3670026.0,2419084.0
1948,2017-03-31,3152.0,5570154.0,2465042.0
1949,2017-04-05,3222.0,4368094.0,2455878.0
1950,2017-04-06,3162.0,4956264.0,2627898.0
1951,2017-04-07,3038.0,6128296.0,2754252.0
1952,2017-04-10,3000.0,4221712.0,2804536.0
1953,2017-04-11,2982.0,4500688.0,2847282.0
1954,2017-04-12,2893.0,4743762.0,2929150.0
1955,2017-04-13,2917.0,4355624.0,2850832.0
1956,2017-04-14,2942.0,5676496.0,2805770.0
1957,2017-04-17,2912.0,5247354.0,2765320.0
1958,2017-04-18,2824.0,4828746.0,2929440.0
1959,2017-04-19,2852.0,3665450.0,2845128.0
1960,2017-04-20,2889.0,6177936.0,2755486.0
1961,2017-04-21,2928.0,6859930.0,2718328.0
1962,2017-04-24,2927.0,5467910.0,2757128.0
1963,2017-04-25,2948.0,5236738.0,2927716.0
1964,2017-04-26,2967.0,5939958.0,3046648.0
1965,2017-04-27,3016.0,4814822.0,3152884.0
1966,2017-04-28,3115.0,6604372.0,3301826.0
1967,2017-05-02,3134.0,3349462.0,3394692.0
1968,2017-05-03,3131.0,4945434.0,3672130.0
1969,2017-05-04,2931.0,10040322.0,3344158.0
1970,2017-05-05,2931.0,7220490.0,3396782.0
1971,2017-05-08,3004.0,9812676.0,3584572.0
1972,2017-05-09,3016.0,6250494.0,3705088.0
1973,2017-05-10,3077.0,7391280.0,3791240.0
1974,2017-05-11,3060.0,10250286.0,3700338.0
1975,2017-05-12,2941.0,9412260.0,3922756.0
1976,2017-05-15,2991.0,7079212.0,3777186.0
1977,2017-05-16,2999.0,5715242.0,3792070.0
1978,2017-05-17,3110.0,8553152.0,4042906.0
1979,2017-05-18,3144.0,7669748.0,4272028.0
1980,2017-05-19,3244.0,9364778.0,4357650.0
1981,2017-05-22,3342.0,9224152.0,4515004.0
1982,2017-05-23,3295.0,6647362.0,4416246.0
1983,2017-05-24,3246.0,9760882.0,4330496.0
1984,2017-05-25,3219.0,9362346.0,4141028.0
1985,2017-05-26,3240.0,7427212.0,4039408.0
1986,2017-05-31,3095.0,6663064.0,3993662.0
1987,2017-06-01,3092.0,7377354.0,4116502.0
1988,2017-06-02,3026.0,9046274.0,4174198.0
1989,2017-06-05,2939.0,7983244.0,4259372.0
1990,2017-06-06,2959.0,6740960.0,4112454.0
1991,2017-06-07,2962.0,6244994.0,4237182.0
1992,2017-06-08,2968.0,9025802.0,4077740.0
1993,2017-06-09,3017.0,6275936.0,4086840.0
1994,2017-06-12,3033.0,6298340.0,4090012.0
1995,2017-06-13,2935.0,5864856.0,4316160.0
1996,2017-06-14,3084.0,8388128.0,4100690.0
1997,2017-06-15,3111.0,8854462.0,4169474.0
1998,2017-06-16,3091.0,7986648.0,3921532.0
1999,2017-06-19,3140.0,7269176.0,3884594.0
2000,2017-06-20,3109.0,6469594.0,3918006.0
2001,2017-06-21,3069.0,6953398.0,3881838.0
2002,2017-06-22,3031.0,8068116.0,3860464.0
2003,2017-06-23,3104.0,6795422.0,3837146.0
2004,2017-06-26,3148.0,6297226.0,3909278.0
2005,2017-06-27,3224.0,6593804.0,4064658.0
2006,2017-06-28,3279.0,6083548.0,4243248.0
2007,2017-06-29,3297.0,8409380.0,4287144.0
2008,2017-06-30,3347.0,7499712.0,4577550.0
2009,2017-07-03,3413.0,7327914.0,4727336.0
2010,2017-07-04,3360.0,7666870.0,4533484.0
2011,2017-07-05,3420.0,8665272.0,4535336.0
2012,2017-07-06,3417.0,7893368.0,4552136.0
2013,2017-07-07,3428.0,7705736.0,4507758.0
2014,2017-07-10,3442.0,6567710.0,4569212.0
2015,2017-07-11,3565.0,7074976.0,4711298.0
2016,2017-07-12,3575.0,5648724.0,4709702.0
2017,2017-07-13,3657.0,6170360.0,4832902.0
2018,2017-07-14,3551.0,8422600.0,4367644.0
2019,2017-07-17,3627.0,6886134.0,4403500.0
2020,2017-07-18,3586.0,6543818.0,4374682.0
2021,2017-07-19,3679.0,6243064.0,4361042.0
2022,2017-07-20,3496.0,8574736.0,3954248.0
2023,2017-07-21,3525.0,6661080.0,3777024.0
2024,2017-07-24,3516.0,5893656.0,3864674.0
2025,2017-07-25,3568.0,6185898.0,3752382.0
2026,2017-07-26,3568.0,6233630.0,3421350.0
2027,2017-07-27,3570.0,6196006.0,3389820.0
2028,2017-07-28,3558.0,5509860.0,3201420.0
2029,2017-07-31,3733.0,6960054.0,3091474.0
2030,2017-08-01,3698.0,4104670.0,2894894.0
2031,2017-08-02,3725.0,3965622.0,2768436.0
2032,2017-08-03,3776.0,4027018.0,2628888.0
2033,2017-08-04,3882.0,3464504.0,2459486.0
2034,2017-08-07,4079.0,4377190.0,2102350.0
2035,2017-08-08,4046.0,2527256.0,1778738.0
2036,2017-08-09,4080.0,2181938.0,1606986.0
2037,2017-08-10,4032.0,1243152.0,1406208.0
2038,2017-08-11,3945.0,1394218.0,1227604.0
2039,2017-08-14,3932.0,763866.0,1125714.0
2040,2017-08-15,3912.0,545020.0,1055050.0
2041,2017-08-16,3854.0,410780.0,928540.0
2042,2017-08-17,3927.0,495042.0,859956.0
2043,2017-08-18,3990.0,228438.0,799846.0
2044,2017-08-21,4052.0,349440.0,755990.0
2045,2017-08-22,4030.0,220206.0,694180.0
2046,2017-08-23,3909.0,310552.0,627570.0
2047,2017-08-24,3958.0,177404.0,600818.0
2048,2017-08-25,4015.0,238020.0,566054.0
2049,2017-08-28,4005.0,189616.0,517208.0
2050,2017-08-29,3962.0,183742.0,496814.0
2051,2017-08-30,3959.0,151176.0,464296.0
2052,2017-08-31,4000.0,168402.0,443930.0
2053,2017-09-01,4132.0,244386.0,421524.0
2054,2017-09-04,4146.0,185274.0,356422.0
2055,2017-09-05,4174.0,81366.0,344356.0
2056,2017-09-06,4103.0,111562.0,333694.0
2057,2017-09-07,4075.0,91448.0,310258.0
2058,2017-09-08,4040.0,113114.0,286530.0
2059,2017-09-11,4052.0,72526.0,267182.0
2060,2017-09-12,4107.0,76576.0,262272.0
2061,2017-09-13,4090.0,65040.0,251594.0
2062,2017-09-14,4032.0,82562.0,239724.0
2063,2017-09-15,4006.0,67916.0,210562.0
2064,2017-09-18,4046.0,53424.0,205330.0
2065,2017-09-19,4037.0,53196.0,190126.0
2066,2017-09-20,4050.0,38650.0,180382.0
2067,2017-09-21,3990.0,52108.0,150574.0
2068,2017-09-22,3887.0,60092.0,124102.0
2069,2017-09-25,3912.0,36058.0,108280.0
2070,2017-09-26,3933.0,28656.0,98430.0
2071,2017-09-27,3912.0,38798.0,81606.0
2072,2017-09-28,3903.0,33620.0,61324.0
2073,2017-09-29,3982.0,44510.0,28058.0
2074,2017-10-09,3906.0,9758.0,22560.0
2075,2017-10-10,3800.0,11580.0,12840.0
2076,2017-10-11,3690.0,7440.0,8940.0
2077,2017-10-12,3850.0,960.0,9000.0
2078,2017-10-13,3899.0,600.0,9060.0
2079,2017-10-16,3815.0,1080.0,8760.0
2080,2017-10-17,3437.0,23676.0,18600.0
2081,2017-10-18,3450.0,13024.0,22706.0
2082,2017-10-19,3388.0,19262.0,25352.0
2083,2017-10-20,3531.0,27676.0,32090.0
2084,2017-10-23,3518.0,28950.0,35280.0
2085,2017-10-24,3560.0,25180.0,39436.0
2086,2017-10-25,3540.0,28308.0,40430.0
2087,2017-10-26,3533.0,29416.0,44982.0
2088,2017-10-27,3483.0,43592.0,58264.0
2089,2017-10-30,3461.0,21434.0,60278.0
2090,2017-10-31,3511.0,28784.0,63136.0
2091,2017-11-01,3464.0,32058.0,68890.0
2092,2017-11-02,3548.0,60500.0,77104.0
2093,2017-11-03,3527.0,47510.0,77156.0
2094,2017-11-06,3620.0,70978.0,100572.0
2095,2017-11-07,3613.0,43468.0,102994.0
2096,2017-11-08,3601.0,54084.0,109144.0
2097,2017-11-09,3603.0,108338.0,113274.0
2098,2017-11-10,3616.0,81914.0,117744.0
2099,2017-11-13,3597.0,135810.0,141950.0
2100,2017-11-14,3580.0,85040.0,148948.0
2101,2017-11-15,3508.0,122362.0,157598.0
2102,2017-11-16,3510.0,70790.0,154638.0
2103,2017-11-17,3480.0,74984.0,157138.0
2104,2017-11-20,3537.0,89408.0,158628.0
2105,2017-11-21,3583.0,81852.0,161916.0
2106,2017-11-22,3621.0,95152.0,164368.0
2107,2017-11-23,3619.0,110238.0,176426.0
2108,2017-11-24,3614.0,80924.0,176610.0
2109,2017-11-27,3620.0,120874.0,179664.0
2110,2017-11-28,3623.0,116414.0,209512.0
2111,2017-11-29,3658.0,157130.0,244950.0
2112,2017-11-30,3690.0,206984.0,291190.0
2113,2017-12-01,3672.0,153474.0,301124.0
2114,2017-12-04,3746.0,172430.0,314670.0
2115,2017-12-05,3717.0,112156.0,318996.0
2116,2017-12-06,3639.0,161378.0,310650.0
2117,2017-12-07,3558.0,183512.0,330402.0
2118,2017-12-08,3608.0,143160.0,327510.0
2119,2017-12-11,3625.0,171868.0,316888.0
2120,2017-12-12,3606.0,150820.0,323074.0
2121,2017-12-13,3573.0,178042.0,322722.0
2122,2017-12-14,3574.0,175758.0,324294.0
2123,2017-12-15,3597.0,141648.0,324268.0
2124,2017-12-18,3635.0,201736.0,317478.0
2125,2017-12-19,3587.0,143958.0,326702.0
2126,2017-12-20,3583.0,129022.0,336248.0
2127,2017-12-21,3614.0,191304.0,338460.0
2128,2017-12-22,3678.0,191734.0,323416.0
2129,2017-12-25,3575.0,196478.0,347816.0
2130,2017-12-26,3626.0,196024.0,328388.0
2131,2017-12-27,3603.0,222706.0,334934.0
2132,2017-12-28,3602.0,218028.0,324740.0
2133,2017-12-29,3609.0,174774.0,314524.0
2134,2018-01-02,3663.0,141180.0,298196.0
2135,2018-01-03,3619.0,134752.0,305060.0
2136,2018-01-04,3638.0,130526.0,304188.0
2137,2018-01-05,3625.0,132496.0,330908.0
2138,2018-01-08,3631.0,168406.0,342724.0
2139,2018-01-09,3647.0,139638.0,336396.0
2140,2018-01-10,3671.0,162878.0,330868.0
2141,2018-01-11,3658.0,137280.0,330082.0
2142,2018-01-12,3631.0,132592.0,339018.0
2143,2018-01-15,3657.0,202078.0,347052.0
2144,2018-01-16,3642.0,141174.0,331496.0
2145,2018-01-17,3658.0,139974.0,330788.0
2146,2018-01-18,3671.0,143694.0,339330.0
2147,2018-01-19,3728.0,171234.0,344004.0
2148,2018-01-22,3741.0,168814.0,349226.0
2149,2018-01-23,3745.0,243412.0,328692.0
2150,2018-01-24,3780.0,154434.0,334978.0
2151,2018-01-25,3798.0,172022.0,328632.0
2152,2018-01-26,3785.0,111450.0,325066.0
2153,2018-01-29,3793.0,93170.0,328496.0
2154,2018-01-30,3773.0,110196.0,348106.0
2155,2018-01-31,3759.0,126598.0,346300.0
2156,2018-02-01,3752.0,178052.0,371006.0
2157,2018-02-02,3784.0,106326.0,366420.0
2158,2018-02-05,3800.0,112552.0,363606.0
2159,2018-02-06,3782.0,182120.0,367234.0
2160,2018-02-07,3779.0,98314.0,366684.0
2161,2018-02-08,3790.0,163160.0,389038.0
2162,2018-02-09,3756.0,158178.0,386814.0
2163,2018-02-12,3766.0,90782.0,386076.0
2164,2018-02-13,3782.0,76418.0,379990.0
2165,2018-02-14,3795.0,71306.0,375394.0
2166,2018-02-22,3753.0,157236.0,398858.0
2167,2018-02-23,3845.0,296260.0,462836.0
2168,2018-02-26,3900.0,243978.0,456438.0
2169,2018-02-27,3883.0,197222.0,449604.0
2170,2018-02-28,3872.0,123550.0,446728.0
2171,2018-03-01,3870.0,179268.0,429858.0
2172,2018-03-02,3880.0,176936.0,446464.0
2173,2018-03-05,3826.0,229798.0,468814.0
2174,2018-03-06,3841.0,284604.0,507400.0
2175,2018-03-07,3806.0,405874.0,571786.0
2176,2018-03-08,3746.0,631348.0,781948.0
2177,2018-03-09,3643.0,791624.0,867790.0
2178,2018-03-12,3622.0,613830.0,951832.0
2179,2018-03-13,3602.0,462690.0,1020410.0
2180,2018-03-14,3621.0,709976.0,1059966.0
2181,2018-03-15,3621.0,658194.0,1140534.0
2182,2018-03-16,3583.0,691634.0,1266380.0
2183,2018-03-19,3491.0,949596.0,1433160.0
2184,2018-03-20,3469.0,1177052.0,1563558.0
2185,2018-03-21,3432.0,1010570.0,1607168.0
2186,2018-03-22,3441.0,945942.0,1664990.0
2187,2018-03-23,3252.0,3043168.0,1681896.0
2188,2018-03-26,3184.0,2077768.0,1928918.0
2189,2018-03-27,3228.0,1935804.0,2012074.0
2190,2018-03-28,3212.0,2592142.0,1936094.0
2191,2018-03-29,3289.0,3252386.0,2081700.0
2192,2018-03-30,3391.0,3903414.0,2279344.0
2193,2018-04-02,3344.0,4829256.0,2321024.0
2194,2018-04-03,3354.0,4646490.0,2405478.0
2195,2018-04-04,3318.0,4320168.0,2488046.0
2196,2018-04-09,3408.0,4219576.0,2687440.0
2197,2018-04-10,3419.0,4461648.0,2794184.0
2198,2018-04-11,3395.0,5117786.0,2774720.0
2199,2018-04-12,3402.0,4996770.0,2799314.0
2200,2018-04-13,3452.0,5542606.0,2957458.0
2201,2018-04-16,3357.0,5051502.0,2864790.0
2202,2018-04-17,3384.0,5717310.0,2927264.0
2203,2018-04-18,3446.0,6277210.0,2901930.0
2204,2018-04-19,3516.0,6220952.0,2841970.0
2205,2018-04-20,3454.0,4660282.0,2853460.0
2206,2018-04-23,3544.0,4872116.0,2818162.0
2207,2018-04-24,3562.0,3992888.0,2864466.0
2208,2018-04-25,3573.0,4221012.0,2947476.0
2209,2018-04-26,3558.0,4795470.0,2955976.0
2210,2018-04-27,3593.0,4499726.0,2898548.0
2211,2018-05-02,3727.0,4114388.0,3234126.0
2212,2018-05-03,3673.0,4217694.0,3055156.0
2213,2018-05-04,3664.0,3693968.0,2999864.0
2214,2018-05-07,3657.0,4811508.0,2944954.0
2215,2018-05-08,3637.0,3148852.0,2972300.0
2216,2018-05-09,3571.0,4787862.0,3161058.0
2217,2018-05-10,3615.0,3814674.0,3097422.0
2218,2018-05-11,3675.0,3980122.0,3044550.0
2219,2018-05-14,3667.0,3163110.0,2976578.0
2220,2018-05-15,3681.0,5015452.0,2928956.0
2221,2018-05-16,3677.0,4263970.0,2844188.0
2222,2018-05-17,3679.0,2893558.0,2923310.0
2223,2018-05-18,3631.0,4186806.0,3039540.0
2224,2018-05-21,3589.0,3846112.0,3112692.0
2225,2018-05-22,3573.0,3540894.0,3127742.0
2226,2018-05-23,3531.0,3394370.0,3138232.0
2227,2018-05-24,3583.0,3251118.0,3111164.0
2228,2018-05-25,3565.0,3675128.0,3058798.0
2229,2018-05-28,3579.0,3738744.0,3073260.0
2230,2018-05-29,3635.0,3950374.0,3028136.0
2231,2018-05-30,3644.0,3500508.0,3022838.0
2232,2018-05-31,3696.0,3065394.0,3151666.0
2233,2018-06-01,3734.0,4625294.0,3217558.0
2234,2018-06-04,3719.0,3729114.0,3206226.0
2235,2018-06-05,3736.0,3565494.0,3181432.0
2236,2018-06-06,3776.0,4213682.0,3338848.0
2237,2018-06-07,3807.0,5175266.0,3349032.0
2238,2018-06-08,3806.0,3697188.0,3311490.0
2239,2018-06-11,3803.0,3896802.0,3323166.0
2240,2018-06-12,3856.0,4509342.0,3323372.0
2241,2018-06-13,3859.0,4173928.0,3398726.0
2242,2018-06-14,3897.0,3528436.0,3553536.0
2243,2018-06-15,3902.0,3290156.0,3394082.0
2244,2018-06-19,3769.0,4628740.0,3119942.0
2245,2018-06-20,3817.0,3636162.0,3314384.0
2246,2018-06-21,3773.0,4224838.0,3413920.0
2247,2018-06-22,3760.0,3577300.0,3362138.0
2248,2018-06-25,3723.0,3941730.0,3478658.0
2249,2018-06-26,3675.0,3907480.0,3592886.0
2250,2018-06-27,3672.0,3382616.0,3608562.0
2251,2018-06-28,3744.0,4845174.0,3496056.0
2252,2018-06-29,3807.0,3645626.0,3437234.0
2253,2018-07-02,3751.0,4347068.0,3274854.0
2254,2018-07-03,3753.0,3254772.0,3173000.0
2255,2018-07-04,3783.0,4168130.0,3254826.0
2256,2018-07-05,3788.0,4840962.0,3170636.0
2257,2018-07-06,3780.0,4295056.0,3056220.0
2258,2018-07-09,3830.0,4111960.0,3221226.0
2259,2018-07-10,3862.0,3547480.0,3395826.0
2260,2018-07-11,3879.0,4129272.0,3453692.0
2261,2018-07-12,3976.0,4499234.0,3637860.0
2262,2018-07-13,3959.0,3610666.0,3489952.0
2263,2018-07-16,3953.0,2919828.0,3374902.0
